,nameModel,trial_optimizacion_bayesiana,Step_validacion,time,MSE,RMSE,MAE,MAPE
0,GRU_CE_1_1_800_90.0_1.0_140.0_0.67_adam_0.0002495282720181278,1,1,14.996585607528687,0.5904906988143921,0.7684339284896851,0.5976470708847046,403.88916015625
1,GRU_CE_1_2_800_90.0_1.0_140.0_0.67_adam_0.0002495282720181278,1,2,9.313281536102295,0.5483043193817139,0.7404757142066956,0.5752353668212891,371.5583801269531
2,GRU_CE_1_3_800_90.0_1.0_140.0_0.67_adam_0.0002495282720181278,1,3,9.08679485321045,0.4510098099708557,0.6715726256370544,0.5119942426681519,291.31878662109375
3,GRU_CE_1_4_800_90.0_1.0_140.0_0.67_adam_0.0002495282720181278,1,4,18.423190355300903,0.40155383944511414,0.6336827874183655,0.4743413031101227,249.2107696533203
4,GRU_CE_1_5_800_90.0_1.0_140.0_0.67_adam_0.0002495282720181278,1,5,7.4638659954071045,0.38241469860076904,0.6183968782424927,0.459148108959198,221.16595458984375
5,GRU_CE_2_1_800_60.0_3.0_460.0_0.48_adam_0.00034622861705515043,2,1,8.338934898376465,0.4451138973236084,0.6671685576438904,0.500246524810791,276.722900390625
6,GRU_CE_2_2_800_60.0_3.0_460.0_0.48_adam_0.00034622861705515043,2,2,9.157238483428955,0.518603503704071,0.7201412916183472,0.5596848726272583,324.0002746582031
7,GRU_CE_2_3_800_60.0_3.0_460.0_0.48_adam_0.00034622861705515043,2,3,10.637065649032593,0.433663010597229,0.6585309505462646,0.4983711242675781,270.49725341796875
8,GRU_CE_2_4_800_60.0_3.0_460.0_0.48_adam_0.00034622861705515043,2,4,11.467781066894531,0.3878805637359619,0.6228005886077881,0.46112698316574097,235.07913208007812
9,GRU_CE_2_5_800_60.0_3.0_460.0_0.48_adam_0.00034622861705515043,2,5,10.770317792892456,0.3836662471294403,0.6194079518318176,0.4531261920928955,222.97207641601562
10,GRU_CE_3_1_800_50.0_1.0_780.0_0.41_adam_0.0004978269505708799,3,1,5.678847074508667,0.7049352526664734,0.8396041989326477,0.6730401515960693,456.82928466796875
11,GRU_CE_3_2_800_50.0_1.0_780.0_0.41_adam_0.0004978269505708799,3,2,6.733392715454102,0.5314065217971802,0.7289763689041138,0.5684176087379456,338.7337951660156
12,GRU_CE_3_3_800_50.0_1.0_780.0_0.41_adam_0.0004978269505708799,3,3,6.590867757797241,0.41963550448417664,0.6477928161621094,0.48778048157691956,259.7591857910156
13,GRU_CE_3_4_800_50.0_1.0_780.0_0.41_adam_0.0004978269505708799,3,4,9.155029058456421,0.39582765102386475,0.6291483640670776,0.4655117690563202,237.05361938476562
14,GRU_CE_3_5_800_50.0_1.0_780.0_0.41_adam_0.0004978269505708799,3,5,6.05771279335022,0.3898650109767914,0.6243917346000671,0.465130090713501,234.21592712402344
15,GRU_CE_4_1_800_50.0_1.0_600.0_0.68_adam_0.00028249406594241407,4,1,4.660391569137573,0.4517742991447449,0.6721415519714355,0.5119361281394958,282.4880676269531
16,GRU_CE_4_2_800_50.0_1.0_600.0_0.68_adam_0.00028249406594241407,4,2,5.970412254333496,0.49183669686317444,0.7013106942176819,0.5393949747085571,318.85833740234375
17,GRU_CE_4_3_800_50.0_1.0_600.0_0.68_adam_0.00028249406594241407,4,3,8.639639616012573,0.424942284822464,0.6518759727478027,0.49445876479148865,261.39532470703125
18,GRU_CE_4_4_800_50.0_1.0_600.0_0.68_adam_0.00028249406594241407,4,4,14.550593137741089,0.39074668288230896,0.6250973343849182,0.464314728975296,231.1997528076172
19,GRU_CE_4_5_800_50.0_1.0_600.0_0.68_adam_0.00028249406594241407,4,5,7.200076103210449,0.3798511028289795,0.6163206100463867,0.45873990654945374,220.88845825195312
20,GRU_CE_5_1_800_70.0_2.0_740.0_0.53_adam_0.0002859439759785433,5,1,7.083194971084595,0.6044897437095642,0.7774893641471863,0.615414559841156,401.57049560546875
21,GRU_CE_5_2_800_70.0_2.0_740.0_0.53_adam_0.0002859439759785433,5,2,6.577637672424316,0.4618886709213257,0.6796239018440247,0.5220860242843628,281.3101806640625
22,GRU_CE_5_3_800_70.0_2.0_740.0_0.53_adam_0.0002859439759785433,5,3,8.074528217315674,0.4255201518535614,0.652319073677063,0.4918641746044159,261.6436767578125
23,GRU_CE_5_4_800_70.0_2.0_740.0_0.53_adam_0.0002859439759785433,5,4,11.77344036102295,0.390800416469574,0.6251403093338013,0.46295785903930664,238.6795196533203
24,GRU_CE_5_5_800_70.0_2.0_740.0_0.53_adam_0.0002859439759785433,5,5,8.781169652938843,0.37876051664352417,0.6154352426528931,0.4566347301006317,208.05413818359375
25,GRU_CE_6_1_800_100.0_2.0_360.0_0.52_adam_0.00033015884439630553,6,1,5.944023132324219,0.41868361830711365,0.6470576524734497,0.4797500967979431,244.25962829589844
26,GRU_CE_6_2_800_100.0_2.0_360.0_0.52_adam_0.00033015884439630553,6,2,6.730990171432495,0.5036256909370422,0.7096658945083618,0.5492556095123291,320.97564697265625
27,GRU_CE_6_3_800_100.0_2.0_360.0_0.52_adam_0.00033015884439630553,6,3,8.298487901687622,0.43000105023384094,0.6557446122169495,0.49554356932640076,267.80975341796875
28,GRU_CE_6_4_800_100.0_2.0_360.0_0.52_adam_0.00033015884439630553,6,4,11.077888488769531,0.39464688301086426,0.6282092332839966,0.46816396713256836,241.7024383544922
29,GRU_CE_6_5_800_100.0_2.0_360.0_0.52_adam_0.00033015884439630553,6,5,7.359022617340088,0.38929882645606995,0.6239381432533264,0.4643882215023041,228.0263214111328
30,GRU_CE_7_1_800_30.0_1.0_420.0_0.47_adam_0.0001544956694560848,7,1,10.326290130615234,0.6231834888458252,0.7894197106361389,0.6236758828163147,420.6695861816406
31,GRU_CE_7_2_800_30.0_1.0_420.0_0.47_adam_0.0001544956694560848,7,2,7.819979190826416,0.5108832716941833,0.714760959148407,0.5526394248008728,333.7124328613281
32,GRU_CE_7_3_800_30.0_1.0_420.0_0.47_adam_0.0001544956694560848,7,3,8.678804397583008,0.42990642786026,0.6556724905967712,0.4991232454776764,272.5728759765625
33,GRU_CE_7_4_800_30.0_1.0_420.0_0.47_adam_0.0001544956694560848,7,4,18.27372121810913,0.39780840277671814,0.6307205557823181,0.4680469036102295,241.5405731201172
34,GRU_CE_7_5_800_30.0_1.0_420.0_0.47_adam_0.0001544956694560848,7,5,9.58460807800293,0.3816623389720917,0.6177882552146912,0.4566953480243683,220.63284301757812
35,GRU_CE_8_1_800_100.0_2.0_720.0_0.59_adam_0.00031257509537440254,8,1,6.841158866882324,0.6194636821746826,0.7870601415634155,0.6277177333831787,404.7944641113281
36,GRU_CE_8_2_800_100.0_2.0_720.0_0.59_adam_0.00031257509537440254,8,2,6.378173112869263,0.4918661415576935,0.7013316750526428,0.540366530418396,317.2528076171875
37,GRU_CE_8_3_800_100.0_2.0_720.0_0.59_adam_0.00031257509537440254,8,3,7.504606485366821,0.43029630184173584,0.6559697389602661,0.4984877109527588,254.23870849609375
38,GRU_CE_8_4_800_100.0_2.0_720.0_0.59_adam_0.00031257509537440254,8,4,11.15981650352478,0.38904768228530884,0.6237368583679199,0.4621956944465637,233.6924591064453
39,GRU_CE_8_5_800_100.0_2.0_720.0_0.59_adam_0.00031257509537440254,8,5,8.579416990280151,0.3795067071914673,0.6160411238670349,0.4553626477718353,219.79922485351562
40,GRU_CE_9_1_800_50.0_2.0_720.0_0.5_adam_0.00026932253713010613,9,1,6.837460517883301,0.5689957737922668,0.754318118095398,0.5939695239067078,383.4032897949219
41,GRU_CE_9_2_800_50.0_2.0_720.0_0.5_adam_0.00026932253713010613,9,2,6.825698375701904,0.43611353635787964,0.6603889465332031,0.4986933767795563,272.00335693359375
42,GRU_CE_9_3_800_50.0_2.0_720.0_0.5_adam_0.00026932253713010613,9,3,8.949761152267456,0.42329487204551697,0.650611162185669,0.4903075695037842,255.4853057861328
43,GRU_CE_9_4_800_50.0_2.0_720.0_0.5_adam_0.00026932253713010613,9,4,9.817619323730469,0.3833199143409729,0.6191283464431763,0.4515119194984436,227.1340789794922
44,GRU_CE_9_5_800_50.0_2.0_720.0_0.5_adam_0.00026932253713010613,9,5,8.688506126403809,0.38374677300453186,0.6194729804992676,0.46315956115722656,227.80152893066406
45,GRU_CE_10_1_800_90.0_3.0_720.0_0.56_adam_0.00026190579738592725,10,1,8.301526308059692,0.4869321584701538,0.6978052258491516,0.5344284772872925,317.2916259765625
46,GRU_CE_10_2_800_90.0_3.0_720.0_0.56_adam_0.00026190579738592725,10,2,8.45675015449524,0.4478815197944641,0.6692395210266113,0.5143618583679199,265.7019348144531
47,GRU_CE_10_3_800_90.0_3.0_720.0_0.56_adam_0.00026190579738592725,10,3,12.789879560470581,0.4228379428386688,0.6502599120140076,0.48998701572418213,257.27252197265625
48,GRU_CE_10_4_800_90.0_3.0_720.0_0.56_adam_0.00026190579738592725,10,4,14.50304651260376,0.3859116733074188,0.6212179064750671,0.4632747173309326,222.51100158691406
49,GRU_CE_10_5_800_90.0_3.0_720.0_0.56_adam_0.00026190579738592725,10,5,9.728841543197632,0.3817863464355469,0.6178886294364929,0.4586710035800934,219.90737915039062
50,GRU_CE_11_1_800_100.0_1.0_160.0_0.56_adam_0.0004001307836031191,11,1,5.093961238861084,0.46201783418655396,0.6797189116477966,0.5209131836891174,291.2253723144531
51,GRU_CE_11_2_800_100.0_1.0_160.0_0.56_adam_0.0004001307836031191,11,2,4.256555557250977,0.4231773912906647,0.6505208611488342,0.48558688163757324,237.25474548339844
52,GRU_CE_11_3_800_100.0_1.0_160.0_0.56_adam_0.0004001307836031191,11,3,6.5655200481414795,0.4423186182975769,0.6650703549385071,0.505537211894989,277.3186340332031
53,GRU_CE_11_4_800_100.0_1.0_160.0_0.56_adam_0.0004001307836031191,11,4,9.862300157546997,0.39986640214920044,0.6323499083518982,0.470590204000473,241.13612365722656
54,GRU_CE_11_5_800_100.0_1.0_160.0_0.56_adam_0.0004001307836031191,11,5,6.107654571533203,0.38039249181747437,0.6167596578598022,0.45894336700439453,224.6736602783203
55,GRU_CE_12_1_800_10.0_2.0_580.0_0.55_adam_0.00012004988110438664,12,1,11.231447696685791,0.4707483649253845,0.6861110329627991,0.5319252610206604,306.3658447265625
56,GRU_CE_12_2_800_10.0_2.0_580.0_0.55_adam_0.00012004988110438664,12,2,13.741029500961304,0.4562797546386719,0.675484836101532,0.5160897970199585,289.5400085449219
57,GRU_CE_12_3_800_10.0_2.0_580.0_0.55_adam_0.00012004988110438664,12,3,23.194729804992676,0.42222321033477783,0.6497870087623596,0.4932486414909363,260.55908203125
58,GRU_CE_12_4_800_10.0_2.0_580.0_0.55_adam_0.00012004988110438664,12,4,30.161431074142456,0.3948342204093933,0.6283583641052246,0.46776819229125977,241.685546875
59,GRU_CE_12_5_800_10.0_2.0_580.0_0.55_adam_0.00012004988110438664,12,5,23.718267679214478,0.38458046317100525,0.6201454997062683,0.46539419889450073,212.0203857421875
60,GRU_CE_13_1_800_50.0_2.0_800.0_0.63_adam_0.00044529546822462504,13,1,7.193478584289551,0.5538458824157715,0.7442082166671753,0.5795497298240662,378.471435546875
61,GRU_CE_13_2_800_50.0_2.0_800.0_0.63_adam_0.00044529546822462504,13,2,7.15913462638855,0.4568135440349579,0.6758798360824585,0.5196651220321655,272.1709899902344
62,GRU_CE_13_3_800_50.0_2.0_800.0_0.63_adam_0.00044529546822462504,13,3,9.600316286087036,0.4298113286495209,0.6555999517440796,0.49713873863220215,267.5303649902344
63,GRU_CE_13_4_800_50.0_2.0_800.0_0.63_adam_0.00044529546822462504,13,4,12.36182165145874,0.3925721347332001,0.6265557408332825,0.4643670916557312,240.14199829101562
64,GRU_CE_13_5_800_50.0_2.0_800.0_0.63_adam_0.00044529546822462504,13,5,9.44566559791565,0.3732071816921234,0.6109068393707275,0.4487029016017914,204.1335906982422
65,GRU_CE_14_1_800_20.0_2.0_160.0_0.64_adam_0.0003157166760621618,14,1,8.109023571014404,0.4281986653804779,0.6543688774108887,0.49534323811531067,265.0635070800781
66,GRU_CE_14_2_800_20.0_2.0_160.0_0.64_adam_0.0003157166760621618,14,2,10.223106384277344,0.4812929928302765,0.6937528252601624,0.5339478850364685,305.1545104980469
67,GRU_CE_14_3_800_20.0_2.0_160.0_0.64_adam_0.0003157166760621618,14,3,13.528964042663574,0.4299614727497101,0.6557144522666931,0.4965454638004303,267.320068359375
68,GRU_CE_14_4_800_20.0_2.0_160.0_0.64_adam_0.0003157166760621618,14,4,29.59327793121338,0.40582966804504395,0.6370476484298706,0.4736368954181671,253.00987243652344
69,GRU_CE_14_5_800_20.0_2.0_160.0_0.64_adam_0.0003157166760621618,14,5,15.023339986801147,0.3851010203361511,0.6205650568008423,0.4609389901161194,222.7608642578125
70,GRU_CE_15_1_800_50.0_3.0_280.0_0.53_adam_0.0002889298065790615,15,1,8.610177278518677,0.4621686041355133,0.6798298358917236,0.5191384553909302,304.78875732421875
71,GRU_CE_15_2_800_50.0_3.0_280.0_0.53_adam_0.0002889298065790615,15,2,11.812849521636963,0.4910617172718048,0.7007579803466797,0.5363450050354004,315.2010803222656
72,GRU_CE_15_3_800_50.0_3.0_280.0_0.53_adam_0.0002889298065790615,15,3,11.526783227920532,0.4439868628978729,0.6663233637809753,0.5039314031600952,287.0501708984375
73,GRU_CE_15_4_800_50.0_3.0_280.0_0.53_adam_0.0002889298065790615,15,4,17.874117374420166,0.3865773379802704,0.621753454208374,0.46030187606811523,242.2089080810547
74,GRU_CE_15_5_800_50.0_3.0_280.0_0.53_adam_0.0002889298065790615,15,5,12.308537483215332,0.38266685605049133,0.6186007261276245,0.45984217524528503,222.88792419433594
75,GRU_CE_16_1_800_30.0_2.0_200.0_0.51_adam_0.0001179607202330534,16,1,8.304200172424316,0.47448670864105225,0.6888299584388733,0.530768871307373,310.1400146484375
76,GRU_CE_16_2_800_30.0_2.0_200.0_0.51_adam_0.0001179607202330534,16,2,9.838450193405151,0.4866988956928253,0.6976380944252014,0.5374963879585266,321.7570495605469
77,GRU_CE_16_3_800_30.0_2.0_200.0_0.51_adam_0.0001179607202330534,16,3,15.564767360687256,0.44466450810432434,0.6668316721916199,0.5035749077796936,293.26873779296875
78,GRU_CE_16_4_800_30.0_2.0_200.0_0.51_adam_0.0001179607202330534,16,4,35.560582399368286,0.3995053172111511,0.6320643424987793,0.46961793303489685,245.6316375732422
79,GRU_CE_16_5_800_30.0_2.0_200.0_0.51_adam_0.0001179607202330534,16,5,14.765842914581299,0.37959009408950806,0.6161088347434998,0.4563760459423065,220.2767791748047
80,GRU_CE_17_1_800_90.0_2.0_240.0_0.5_adam_0.00011620935760912925,17,1,8.005080223083496,0.43619436025619507,0.6604501008987427,0.5024569034576416,270.6978759765625
81,GRU_CE_17_2_800_90.0_2.0_240.0_0.5_adam_0.00011620935760912925,17,2,8.139607191085815,0.4747870862483978,0.6890479326248169,0.525434136390686,308.3246765136719
82,GRU_CE_17_3_800_90.0_2.0_240.0_0.5_adam_0.00011620935760912925,17,3,10.581615447998047,0.4334546625614166,0.658372700214386,0.49828195571899414,276.2264404296875
83,GRU_CE_17_4_800_90.0_2.0_240.0_0.5_adam_0.00011620935760912925,17,4,16.407936334609985,0.39591097831726074,0.6292145848274231,0.4690731167793274,240.8961639404297
84,GRU_CE_17_5_800_90.0_2.0_240.0_0.5_adam_0.00011620935760912925,17,5,10.203406572341919,0.38055238127708435,0.6168892979621887,0.4583874046802521,221.0711669921875
85,GRU_CE_18_1_800_70.0_3.0_740.0_0.57_adam_0.0002640236768844578,18,1,10.727068185806274,0.4458657205104828,0.667731761932373,0.4980456829071045,282.2154235839844
86,GRU_CE_18_2_800_70.0_3.0_740.0_0.57_adam_0.0002640236768844578,18,2,8.805036544799805,0.4697478115558624,0.6853814721107483,0.5281766653060913,289.7025451660156
87,GRU_CE_18_3_800_70.0_3.0_740.0_0.57_adam_0.0002640236768844578,18,3,10.432454824447632,0.4313896894454956,0.6568025946617126,0.49658095836639404,263.1808166503906
88,GRU_CE_18_4_800_70.0_3.0_740.0_0.57_adam_0.0002640236768844578,18,4,14.604894161224365,0.3936964273452759,0.6274523138999939,0.4652807414531708,242.86239624023438
89,GRU_CE_18_5_800_70.0_3.0_740.0_0.57_adam_0.0002640236768844578,18,5,10.277544498443604,0.37864944338798523,0.6153449416160583,0.45418304204940796,213.47280883789062
90,GRU_CE_19_1_800_90.0_1.0_720.0_0.64_adam_0.000317872399647547,19,1,4.625009298324585,0.4344768822193146,0.6591485738754272,0.4932665228843689,258.2737121582031
91,GRU_CE_19_2_800_90.0_1.0_720.0_0.64_adam_0.000317872399647547,19,2,5.997901916503906,0.5320976376533508,0.7294502258300781,0.567217230796814,345.6103515625
92,GRU_CE_19_3_800_90.0_1.0_720.0_0.64_adam_0.000317872399647547,19,3,7.931355237960815,0.4283970892429352,0.6545205116271973,0.4949600100517273,269.3681335449219
93,GRU_CE_19_4_800_90.0_1.0_720.0_0.64_adam_0.000317872399647547,19,4,10.611876726150513,0.3946645259857178,0.6282232999801636,0.4658706486225128,239.44497680664062
94,GRU_CE_19_5_800_90.0_1.0_720.0_0.64_adam_0.000317872399647547,19,5,6.189820289611816,0.38234302401542664,0.618338942527771,0.456243634223938,222.3504638671875
95,GRU_CE_20_1_800_60.0_1.0_720.0_0.54_adam_0.00021744694771877,20,1,6.88965916633606,0.5999888777732849,0.774589478969574,0.6139260530471802,400.7911071777344
96,GRU_CE_20_2_800_60.0_1.0_720.0_0.54_adam_0.00021744694771877,20,2,6.5313880443573,0.5220679640769958,0.7225427031517029,0.5603843927383423,343.5130920410156
97,GRU_CE_20_3_800_60.0_1.0_720.0_0.54_adam_0.00021744694771877,20,3,8.209842920303345,0.42836666107177734,0.6544972658157349,0.49645566940307617,262.81488037109375
98,GRU_CE_20_4_800_60.0_1.0_720.0_0.54_adam_0.00021744694771877,20,4,12.783862113952637,0.39767855405807495,0.630617618560791,0.4698445498943329,241.49298095703125
99,GRU_CE_20_5_800_60.0_1.0_720.0_0.54_adam_0.00021744694771877,20,5,6.833946228027344,0.3838009834289551,0.6195167303085327,0.45741942524909973,219.0452117919922
100,GRU_CE_21_1_800_10.0_1.0_120.0_0.61_adam_0.0003888149135422373,21,1,8.572017431259155,0.524918794631958,0.7245127558708191,0.5629233717918396,360.44927978515625
101,GRU_CE_21_2_800_10.0_1.0_120.0_0.61_adam_0.0003888149135422373,21,2,17.12405562400818,0.5673166513442993,0.7532042264938354,0.5800597667694092,374.5004577636719
102,GRU_CE_21_3_800_10.0_1.0_120.0_0.61_adam_0.0003888149135422373,21,3,17.169792652130127,0.4477993845939636,0.6691781282424927,0.5084609389305115,286.6318054199219
103,GRU_CE_21_4_800_10.0_1.0_120.0_0.61_adam_0.0003888149135422373,21,4,27.449068069458008,0.4080946445465088,0.6388228535652161,0.4753393232822418,257.7604064941406
104,GRU_CE_21_5_800_10.0_1.0_120.0_0.61_adam_0.0003888149135422373,21,5,16.437050104141235,0.38383013010025024,0.6195402145385742,0.46205994486808777,227.22300720214844
105,GRU_CE_22_1_800_30.0_2.0_100.0_0.65_adam_0.00039401296000457736,22,1,8.617269515991211,0.5204717516899109,0.7214372754096985,0.5604860782623291,347.5367736816406
106,GRU_CE_22_2_800_30.0_2.0_100.0_0.65_adam_0.00039401296000457736,22,2,8.77065896987915,0.4768337905406952,0.6905314922332764,0.5314725637435913,312.8879699707031
107,GRU_CE_22_3_800_30.0_2.0_100.0_0.65_adam_0.00039401296000457736,22,3,12.437525033950806,0.4473883807659149,0.6688709855079651,0.5084110498428345,293.4072265625
108,GRU_CE_22_4_800_30.0_2.0_100.0_0.65_adam_0.00039401296000457736,22,4,28.18403434753418,0.40007004141807556,0.6325109004974365,0.4694785177707672,253.3683624267578
109,GRU_CE_22_5_800_30.0_2.0_100.0_0.65_adam_0.00039401296000457736,22,5,16.662586450576782,0.383203387260437,0.6190342307090759,0.4676937758922577,234.8888397216797
110,GRU_CE_23_1_800_30.0_3.0_320.0_0.45_adam_0.00044549733790167647,23,1,9.367631435394287,0.44075891375541687,0.6638967990875244,0.49344348907470703,277.0841979980469
111,GRU_CE_23_2_800_30.0_3.0_320.0_0.45_adam_0.00044549733790167647,23,2,10.520964622497559,0.4503602087497711,0.6710888147354126,0.5170317888259888,260.7164001464844
112,GRU_CE_23_3_800_30.0_3.0_320.0_0.45_adam_0.00044549733790167647,23,3,11.849238634109497,0.4447540044784546,0.666898787021637,0.506232738494873,287.4319763183594
113,GRU_CE_23_4_800_30.0_3.0_320.0_0.45_adam_0.00044549733790167647,23,4,20.730932474136353,0.3919232487678528,0.6260377168655396,0.46262672543525696,243.64768981933594
114,GRU_CE_23_5_800_30.0_3.0_320.0_0.45_adam_0.00044549733790167647,23,5,13.4568030834198,0.3978237807750702,0.6307327151298523,0.4731525480747223,208.12562561035156
115,GRU_CE_24_1_800_40.0_3.0_320.0_0.4_adam_0.0004936385718257272,24,1,8.26978611946106,0.4599533975124359,0.6781986355781555,0.5022275447845459,300.7863464355469
116,GRU_CE_24_2_800_40.0_3.0_320.0_0.4_adam_0.0004936385718257272,24,2,9.352356672286987,0.4437251091003418,0.6661269664764404,0.5099814534187317,253.22889709472656
117,GRU_CE_24_3_800_40.0_3.0_320.0_0.4_adam_0.0004936385718257272,24,3,11.87257432937622,0.4255295991897583,0.6523262858390808,0.4903357923030853,274.0984191894531
118,GRU_CE_24_4_800_40.0_3.0_320.0_0.4_adam_0.0004936385718257272,24,4,13.589370250701904,0.3880150318145752,0.6229085326194763,0.45886552333831787,244.35256958007812
119,GRU_CE_24_5_800_40.0_3.0_320.0_0.4_adam_0.0004936385718257272,24,5,12.071564197540283,0.38574913144111633,0.6210870742797852,0.4670857787132263,201.876220703125
120,GRU_CE_25_1_800_20.0_3.0_440.0_0.43_adam_0.00045582860356009153,25,1,10.541154861450195,0.6586771607398987,0.811589241027832,0.6563746929168701,419.4591064453125
121,GRU_CE_25_2_800_20.0_3.0_440.0_0.43_adam_0.00045582860356009153,25,2,12.575069189071655,0.5218871831893921,0.7224175930023193,0.5586329698562622,332.4158020019531
122,GRU_CE_25_3_800_20.0_3.0_440.0_0.43_adam_0.00045582860356009153,25,3,14.79878306388855,0.4248025417327881,0.6517687439918518,0.4872515797615051,262.9290466308594
123,GRU_CE_25_4_800_20.0_3.0_440.0_0.43_adam_0.00045582860356009153,25,4,16.129276514053345,0.3805831968784332,0.6169142723083496,0.45462507009506226,219.29144287109375
124,GRU_CE_25_5_800_20.0_3.0_440.0_0.43_adam_0.00045582860356009153,25,5,23.293100833892822,0.39225515723228455,0.6263027787208557,0.4751957356929779,194.76019287109375
125,GRU_CE_26_1_800_70.0_3.0_220.0_0.44_adam_0.0003876875439732184,26,1,12.718323707580566,0.4480331242084503,0.6693527698516846,0.5085163712501526,282.1517639160156
126,GRU_CE_26_2_800_70.0_3.0_220.0_0.44_adam_0.0003876875439732184,26,2,9.587396383285522,0.5248063802719116,0.7244352102279663,0.5619420409202576,344.2185974121094
127,GRU_CE_26_3_800_70.0_3.0_220.0_0.44_adam_0.0003876875439732184,26,3,13.096224784851074,0.4415931701660156,0.6645247340202332,0.5038387775421143,279.6835021972656
128,GRU_CE_26_4_800_70.0_3.0_220.0_0.44_adam_0.0003876875439732184,26,4,14.323081016540527,0.4012620449066162,0.6334524750709534,0.46691322326660156,247.65562438964844
129,GRU_CE_26_5_800_70.0_3.0_220.0_0.44_adam_0.0003876875439732184,26,5,10.293177604675293,0.3867732286453247,0.6219109296798706,0.46368321776390076,231.35118103027344
130,GRU_CE_27_1_800_40.0_3.0_360.0_0.47_adam_0.00043878651491713864,27,1,8.288789987564087,0.42318853735923767,0.6505293846130371,0.48711130023002625,254.46531677246094
131,GRU_CE_27_2_800_40.0_3.0_360.0_0.47_adam_0.00043878651491713864,27,2,9.61069655418396,0.49204108119010925,0.7014563679695129,0.5422254800796509,318.9254455566406
132,GRU_CE_27_3_800_40.0_3.0_360.0_0.47_adam_0.00043878651491713864,27,3,11.96008563041687,0.43456724286079407,0.659217119216919,0.5037446618080139,265.1573791503906
133,GRU_CE_27_4_800_40.0_3.0_360.0_0.47_adam_0.00043878651491713864,27,4,13.805987119674683,0.3912877142429352,0.625529944896698,0.46808385848999023,235.35317993164062
134,GRU_CE_27_5_800_40.0_3.0_360.0_0.47_adam_0.00043878651491713864,27,5,12.021058082580566,0.38379761576652527,0.619513988494873,0.46188831329345703,219.5220947265625
135,GRU_CE_28_1_800_20.0_1.0_280.0_0.6_adam_0.00041730525673770616,28,1,5.25670051574707,0.4196130633354187,0.6477754712104797,0.4882858395576477,242.76968383789062
136,GRU_CE_28_2_800_20.0_1.0_280.0_0.6_adam_0.00041730525673770616,28,2,7.328189373016357,0.49952447414398193,0.7067704796791077,0.5469588041305542,326.3531494140625
137,GRU_CE_28_3_800_20.0_1.0_280.0_0.6_adam_0.00041730525673770616,28,3,10.358613967895508,0.42390093207359314,0.6510767340660095,0.4923654794692993,265.42706298828125
138,GRU_CE_28_4_800_20.0_1.0_280.0_0.6_adam_0.00041730525673770616,28,4,13.614215612411499,0.39943525195121765,0.6320089101791382,0.47215619683265686,239.73004150390625
139,GRU_CE_28_5_800_20.0_1.0_280.0_0.6_adam_0.00041730525673770616,28,5,10.682502031326294,0.3799285888671875,0.6163834929466248,0.45562493801116943,225.33363342285156
140,GRU_CE_29_1_800_40.0_1.0_520.0_0.57_adam_0.00036504715845189496,29,1,6.193172216415405,0.6325504183769226,0.7953304052352905,0.6323506832122803,419.9061584472656
141,GRU_CE_29_2_800_40.0_1.0_520.0_0.57_adam_0.00036504715845189496,29,2,5.877856254577637,0.5027902722358704,0.7090770602226257,0.5477946996688843,332.2588806152344
142,GRU_CE_29_3_800_40.0_1.0_520.0_0.57_adam_0.00036504715845189496,29,3,7.157811403274536,0.426189661026001,0.65283203125,0.4933216869831085,266.9217529296875
143,GRU_CE_29_4_800_40.0_1.0_520.0_0.57_adam_0.00036504715845189496,29,4,8.69169545173645,0.3896859884262085,0.6242483258247375,0.4623814523220062,235.2923583984375
144,GRU_CE_29_5_800_40.0_1.0_520.0_0.57_adam_0.00036504715845189496,29,5,7.029993295669556,0.38535037636756897,0.6207659840583801,0.4592854380607605,223.62904357910156
145,GRU_CE_30_1_800_80.0_3.0_180.0_0.45_adam_0.00046790739572823625,30,1,8.353914022445679,0.44942107796669006,0.6703887581825256,0.5067342519760132,282.7752990722656
146,GRU_CE_30_2_800_80.0_3.0_180.0_0.45_adam_0.00046790739572823625,30,2,8.526573657989502,0.49511805176734924,0.7036462426185608,0.5463325381278992,310.70367431640625
147,GRU_CE_30_3_800_80.0_3.0_180.0_0.45_adam_0.00046790739572823625,30,3,12.161922454833984,0.4460837244987488,0.6678949594497681,0.5028719902038574,292.2909851074219
148,GRU_CE_30_4_800_80.0_3.0_180.0_0.45_adam_0.00046790739572823625,30,4,12.555710554122925,0.39156293869018555,0.6257498860359192,0.4625656306743622,242.87664794921875
149,GRU_CE_30_5_800_80.0_3.0_180.0_0.45_adam_0.00046790739572823625,30,5,10.125158071517944,0.388399600982666,0.6232171058654785,0.46332937479019165,237.50546264648438
150,GRU_CE_31_1_800_80.0_1.0_360.0_0.61_adam_0.00041439772442423853,31,1,6.728342771530151,0.643339991569519,0.802084743976593,0.6400036215782166,428.1875305175781
151,GRU_CE_31_2_800_80.0_1.0_360.0_0.61_adam_0.00041439772442423853,31,2,5.805205583572388,0.5333712100982666,0.7303226590156555,0.5679743885993958,352.15850830078125
152,GRU_CE_31_3_800_80.0_1.0_360.0_0.61_adam_0.00041439772442423853,31,3,8.080909252166748,0.4327823519706726,0.6578619480133057,0.49850115180015564,274.67681884765625
153,GRU_CE_31_4_800_80.0_1.0_360.0_0.61_adam_0.00041439772442423853,31,4,16.646204948425293,0.3998374044895172,0.6323269605636597,0.4716772735118866,240.05734252929688
154,GRU_CE_31_5_800_80.0_1.0_360.0_0.61_adam_0.00041439772442423853,31,5,5.832146883010864,0.38453903794288635,0.6201121211051941,0.4612910747528076,228.56251525878906
155,GRU_CE_32_1_800_60.0_3.0_260.0_0.49_adam_0.0003569833575253213,32,1,8.395578861236572,0.46572232246398926,0.6824384927749634,0.51429682970047,298.6186828613281
156,GRU_CE_32_2_800_60.0_3.0_260.0_0.49_adam_0.0003569833575253213,32,2,9.069494724273682,0.47294628620147705,0.6877108812332153,0.5302726030349731,303.44854736328125
157,GRU_CE_32_3_800_60.0_3.0_260.0_0.49_adam_0.0003569833575253213,32,3,10.659446477890015,0.4372841715812683,0.6612746715545654,0.5004974007606506,277.99530029296875
158,GRU_CE_32_4_800_60.0_3.0_260.0_0.49_adam_0.0003569833575253213,32,4,15.058154821395874,0.3919578790664673,0.6260653734207153,0.4636639654636383,241.87234497070312
159,GRU_CE_32_5_800_60.0_3.0_260.0_0.49_adam_0.0003569833575253213,32,5,10.794428586959839,0.3863171637058258,0.6215441823005676,0.4607681930065155,236.81349182128906
160,GRU_CE_33_1_800_80.0_1.0_140.0_0.42_adam_0.0004819475130034693,33,1,4.665095090866089,0.47265690565109253,0.6875004768371582,0.5242893099784851,305.4898376464844
161,GRU_CE_33_2_800_80.0_1.0_140.0_0.42_adam_0.0004819475130034693,33,2,4.922010183334351,0.4778576195240021,0.6912724375724792,0.5299057364463806,312.8235168457031
162,GRU_CE_33_3_800_80.0_1.0_140.0_0.42_adam_0.0004819475130034693,33,3,7.542547225952148,0.44025105237960815,0.6635141372680664,0.501761257648468,285.8816223144531
163,GRU_CE_33_4_800_80.0_1.0_140.0_0.42_adam_0.0004819475130034693,33,4,10.757730484008789,0.40912890434265137,0.6396318674087524,0.47646650671958923,256.8035888671875
164,GRU_CE_33_5_800_80.0_1.0_140.0_0.42_adam_0.0004819475130034693,33,5,5.8416831493377686,0.39333826303482056,0.6271668672561646,0.4668753743171692,247.05517578125
165,GRU_CE_34_1_800_40.0_1.0_500.0_0.48_adam_0.00022289185326240015,34,1,5.012356996536255,0.46868425607681274,0.6846051812171936,0.5281115770339966,295.2792663574219
166,GRU_CE_34_2_800_40.0_1.0_500.0_0.48_adam_0.00022289185326240015,34,2,12.606775760650635,0.5743685364723206,0.7578710317611694,0.5831114649772644,372.83233642578125
167,GRU_CE_34_3_800_40.0_1.0_500.0_0.48_adam_0.00022289185326240015,34,3,9.582773447036743,0.4265160858631134,0.6530819535255432,0.49494242668151855,264.32220458984375
168,GRU_CE_34_4_800_40.0_1.0_500.0_0.48_adam_0.00022289185326240015,34,4,9.922854661941528,0.3922267258167267,0.6262800693511963,0.4651857018470764,235.9408416748047
169,GRU_CE_34_5_800_40.0_1.0_500.0_0.48_adam_0.00022289185326240015,34,5,7.433843374252319,0.3880012631416321,0.6228974461555481,0.4635261297225952,226.439453125
170,GRU_CE_35_1_800_30.0_3.0_400.0_0.66_adam_0.0004267376251435256,35,1,8.848124980926514,0.44336003065109253,0.6658528447151184,0.5015890002250671,273.9398498535156
171,GRU_CE_35_2_800_30.0_3.0_400.0_0.66_adam_0.0004267376251435256,35,2,10.850225687026978,0.5266313552856445,0.7256937026977539,0.5633447170257568,337.7266845703125
172,GRU_CE_35_3_800_30.0_3.0_400.0_0.66_adam_0.0004267376251435256,35,3,14.761592388153076,0.428626149892807,0.654695451259613,0.49652159214019775,260.459716796875
173,GRU_CE_35_4_800_30.0_3.0_400.0_0.66_adam_0.0004267376251435256,35,4,22.422021627426147,0.39042678475379944,0.6248413920402527,0.46381863951683044,243.9285430908203
174,GRU_CE_35_5_800_30.0_3.0_400.0_0.66_adam_0.0004267376251435256,35,5,13.604942321777344,0.38655707240104675,0.6217371225357056,0.4644359350204468,221.64271545410156
175,GRU_CE_36_1_800_10.0_2.0_320.0_0.7_adam_0.0004999892368410423,36,1,11.07924771308899,0.5675008893013,0.7533265352249146,0.5908733606338501,389.9258728027344
176,GRU_CE_36_2_800_10.0_2.0_320.0_0.7_adam_0.0004999892368410423,36,2,12.537297487258911,0.45929592847824097,0.6777137517929077,0.5162708759307861,292.3927307128906
177,GRU_CE_36_3_800_10.0_2.0_320.0_0.7_adam_0.0004999892368410423,36,3,20.05193591117859,0.4124828577041626,0.642248272895813,0.48335886001586914,247.60926818847656
178,GRU_CE_36_4_800_10.0_2.0_320.0_0.7_adam_0.0004999892368410423,36,4,35.65519380569458,0.41481271386146545,0.6440595388412476,0.48088377714157104,262.6689758300781
179,GRU_CE_36_5_800_10.0_2.0_320.0_0.7_adam_0.0004999892368410423,36,5,21.603904008865356,0.3935772776603699,0.6273573637008667,0.4746653735637665,199.06790161132812
180,GRU_CE_37_1_800_10.0_2.0_640.0_0.67_adam_0.0004809089842187879,37,1,11.369723081588745,0.6326952576637268,0.7954214215278625,0.6282176971435547,429.6905517578125
181,GRU_CE_37_2_800_10.0_2.0_640.0_0.67_adam_0.0004809089842187879,37,2,15.471291303634644,0.5281003713607788,0.7267051339149475,0.5701102018356323,315.6329345703125
182,GRU_CE_37_3_800_10.0_2.0_640.0_0.67_adam_0.0004809089842187879,37,3,20.30641222000122,0.41717034578323364,0.6458872556686401,0.4851841926574707,254.54339599609375
183,GRU_CE_37_4_800_10.0_2.0_640.0_0.67_adam_0.0004809089842187879,37,4,20.10235047340393,0.3881838321685791,0.6230440139770508,0.465684175491333,226.39405822753906
184,GRU_CE_37_5_800_10.0_2.0_640.0_0.67_adam_0.0004809089842187879,37,5,20.76933717727661,0.40919744968414307,0.6396854519844055,0.48349469900131226,230.723876953125
185,GRU_CE_38_1_800_20.0_3.0_480.0_0.45_adam_0.0003434632671274081,38,1,9.901758909225464,0.43471816182136536,0.6593316197395325,0.49435728788375854,264.8984680175781
186,GRU_CE_38_2_800_20.0_3.0_480.0_0.45_adam_0.0003434632671274081,38,2,18.87032461166382,0.5287631750106812,0.7271610498428345,0.5674157738685608,339.5879821777344
187,GRU_CE_38_3_800_20.0_3.0_480.0_0.45_adam_0.0003434632671274081,38,3,16.785322427749634,0.42196473479270935,0.6495881080627441,0.49666425585746765,242.8973388671875
188,GRU_CE_38_4_800_20.0_3.0_480.0_0.45_adam_0.0003434632671274081,38,4,17.895874738693237,0.3954826891422272,0.6288741230964661,0.4649094343185425,238.33163452148438
189,GRU_CE_38_5_800_20.0_3.0_480.0_0.45_adam_0.0003434632671274081,38,5,16.633522987365723,0.40981996059417725,0.6401718258857727,0.48601388931274414,242.22366333007812
190,GRU_CE_39_1_800_10.0_2.0_320.0_0.42_adam_0.0004985676539710277,39,1,11.322627544403076,0.6335105895996094,0.7959337830543518,0.6280636191368103,419.91595458984375
191,GRU_CE_39_2_800_10.0_2.0_320.0_0.42_adam_0.0004985676539710277,39,2,12.932189702987671,0.45621493458747864,0.6754368543624878,0.5152261257171631,294.1230773925781
192,GRU_CE_39_3_800_10.0_2.0_320.0_0.42_adam_0.0004985676539710277,39,3,20.51978850364685,0.4188074469566345,0.6471533179283142,0.4820372462272644,264.9535217285156
193,GRU_CE_39_4_800_10.0_2.0_320.0_0.42_adam_0.0004985676539710277,39,4,21.123013496398926,0.39034661650657654,0.6247772574424744,0.4669288992881775,242.45578002929688
194,GRU_CE_39_5_800_10.0_2.0_320.0_0.42_adam_0.0004985676539710277,39,5,21.337289094924927,0.4125417470932007,0.6422941088676453,0.48480910062789917,232.34523010253906
195,GRU_CE_40_1_800_20.0_2.0_540.0_0.7_adam_0.00015699613920054162,40,1,11.013897895812988,0.5695520639419556,0.7546867728233337,0.5930635929107666,378.5116882324219
196,GRU_CE_40_2_800_20.0_2.0_540.0_0.7_adam_0.00015699613920054162,40,2,10.604365587234497,0.4638988971710205,0.6811012029647827,0.5203392505645752,297.6253967285156
197,GRU_CE_40_3_800_20.0_2.0_540.0_0.7_adam_0.00015699613920054162,40,3,16.869364023208618,0.42172500491142273,0.6494035720825195,0.49218031764030457,259.1373291015625
198,GRU_CE_40_4_800_20.0_2.0_540.0_0.7_adam_0.00015699613920054162,40,4,18.849884271621704,0.39135387539863586,0.6255828142166138,0.46659204363822937,233.79693603515625
199,GRU_CE_40_5_800_20.0_2.0_540.0_0.7_adam_0.00015699613920054162,40,5,17.485841989517212,0.37465476989746094,0.6120904684066772,0.4558575451374054,204.19261169433594
200,GRU_CE_41_1_800_30.0_3.0_380.0_0.7_adam_0.00047491477609816566,41,1,9.21751594543457,0.44950100779533386,0.670448362827301,0.5053434371948242,285.8236083984375
201,GRU_CE_41_2_800_30.0_3.0_380.0_0.7_adam_0.00047491477609816566,41,2,13.748944759368896,0.5552205443382263,0.7451311945915222,0.5809134244918823,356.94683837890625
202,GRU_CE_41_3_800_30.0_3.0_380.0_0.7_adam_0.00047491477609816566,41,3,13.583058595657349,0.43156248331069946,0.6569341421127319,0.4961780607700348,266.61785888671875
203,GRU_CE_41_4_800_30.0_3.0_380.0_0.7_adam_0.00047491477609816566,41,4,17.896559476852417,0.39155542850494385,0.6257438659667969,0.4636892080307007,231.1883544921875
204,GRU_CE_41_5_800_30.0_3.0_380.0_0.7_adam_0.00047491477609816566,41,5,14.547231674194336,0.39030036330223083,0.6247402429580688,0.46257007122039795,234.19772338867188
205,GRU_CE_42_1_800_10.0_2.0_320.0_0.4_adam_0.00037491022919368774,42,1,11.49658751487732,0.5718269944190979,0.7561923861503601,0.5935259461402893,384.0291748046875
206,GRU_CE_42_2_800_10.0_2.0_320.0_0.4_adam_0.00037491022919368774,42,2,15.784233570098877,0.53834468126297,0.7337197661399841,0.5725327134132385,336.4039306640625
207,GRU_CE_42_3_800_10.0_2.0_320.0_0.4_adam_0.00037491022919368774,42,3,16.29735779762268,0.4375463128089905,0.6614727973937988,0.49848634004592896,291.9188232421875
208,GRU_CE_42_4_800_10.0_2.0_320.0_0.4_adam_0.00037491022919368774,42,4,17.321105241775513,0.37645265460014343,0.6135573387145996,0.45431721210479736,222.8221893310547
209,GRU_CE_42_5_800_10.0_2.0_320.0_0.4_adam_0.00037491022919368774,42,5,21.757328033447266,0.39333081245422363,0.627160906791687,0.4754559397697449,185.39376831054688
210,GRU_CE_43_1_800_20.0_3.0_640.0_0.59_adam_0.00023365589723723903,43,1,9.888259172439575,0.4428228735923767,0.6654493808746338,0.5039064884185791,279.96142578125
211,GRU_CE_43_2_800_20.0_3.0_640.0_0.59_adam_0.00023365589723723903,43,2,15.956698656082153,0.5208607316017151,0.7217068076133728,0.5550808906555176,334.5928039550781
212,GRU_CE_43_3_800_20.0_3.0_640.0_0.59_adam_0.00023365589723723903,43,3,16.619920253753662,0.44318902492523193,0.6657244563102722,0.5081839561462402,266.22186279296875
213,GRU_CE_43_4_800_20.0_3.0_640.0_0.59_adam_0.00023365589723723903,43,4,21.836512565612793,0.38822096586227417,0.6230738162994385,0.4663201570510864,237.4580841064453
214,GRU_CE_43_5_800_20.0_3.0_640.0_0.59_adam_0.00023365589723723903,43,5,16.653500080108643,0.38297757506370544,0.6188517808914185,0.46442604064941406,204.67442321777344
215,GRU_CE_44_1_800_30.0_2.0_460.0_0.46_adam_0.00018892081677476775,44,1,7.022781133651733,0.43649822473526,0.6606801152229309,0.5000749826431274,275.5614013671875
216,GRU_CE_44_2_800_30.0_2.0_460.0_0.46_adam_0.00018892081677476775,44,2,8.440898180007935,0.49137991666793823,0.7009849548339844,0.5409561991691589,318.52947998046875
217,GRU_CE_44_3_800_30.0_2.0_460.0_0.46_adam_0.00018892081677476775,44,3,11.909375190734863,0.4241829216480255,0.6512932777404785,0.4996134340763092,258.244384765625
218,GRU_CE_44_4_800_30.0_2.0_460.0_0.46_adam_0.00018892081677476775,44,4,15.806971549987793,0.3897309899330139,0.6242843866348267,0.46256643533706665,234.85772705078125
219,GRU_CE_44_5_800_30.0_2.0_460.0_0.46_adam_0.00018892081677476775,44,5,11.503604650497437,0.38131818175315857,0.617509663105011,0.4551337957382202,220.02342224121094
220,GRU_CE_45_1_800_40.0_2.0_420.0_0.69_adam_0.0004547725407382859,45,1,6.46136999130249,0.447875440120697,0.6692349314689636,0.5032368898391724,283.776611328125
221,GRU_CE_45_2_800_40.0_2.0_420.0_0.69_adam_0.0004547725407382859,45,2,7.15706992149353,0.4445851743221283,0.666772186756134,0.5073927044868469,274.7883605957031
222,GRU_CE_45_3_800_40.0_2.0_420.0_0.69_adam_0.0004547725407382859,45,3,17.69468355178833,0.42152538895606995,0.6492498517036438,0.4861585199832916,269.6335144042969
223,GRU_CE_45_4_800_40.0_2.0_420.0_0.69_adam_0.0004547725407382859,45,4,11.548907995223999,0.3933267295360565,0.6271576285362244,0.4635082483291626,238.161376953125
224,GRU_CE_45_5_800_40.0_2.0_420.0_0.69_adam_0.0004547725407382859,45,5,10.072283267974854,0.3748730421066284,0.6122687458992004,0.45154768228530884,219.40496826171875
225,GRU_CE_46_1_800_50.0_3.0_280.0_0.53_adam_0.000340417952385799,46,1,8.177006483078003,0.4458569288253784,0.667725145816803,0.5017192959785461,289.668701171875
226,GRU_CE_46_2_800_50.0_3.0_280.0_0.53_adam_0.000340417952385799,46,2,9.512599468231201,0.5166938304901123,0.7188141345977783,0.5558324456214905,343.55120849609375
227,GRU_CE_46_3_800_50.0_3.0_280.0_0.53_adam_0.000340417952385799,46,3,11.460849285125732,0.43734800815582275,0.6613229513168335,0.502647340297699,268.31427001953125
228,GRU_CE_46_4_800_50.0_3.0_280.0_0.53_adam_0.000340417952385799,46,4,17.595102548599243,0.389526903629303,0.6241208910942078,0.4589959383010864,245.48361206054688
229,GRU_CE_46_5_800_50.0_3.0_280.0_0.53_adam_0.000340417952385799,46,5,11.342039108276367,0.38410571217536926,0.6197625994682312,0.4570915997028351,225.25936889648438
230,GRU_CE_47_1_800_10.0_2.0_580.0_0.52_adam_0.0004996418465861808,47,1,10.864815711975098,0.6336798071861267,0.7960400581359863,0.6289451718330383,427.1162414550781
231,GRU_CE_47_2_800_10.0_2.0_580.0_0.52_adam_0.0004996418465861808,47,2,15.630857706069946,0.5441998839378357,0.737699031829834,0.5754769444465637,339.2593078613281
232,GRU_CE_47_3_800_10.0_2.0_580.0_0.52_adam_0.0004996418465861808,47,3,15.354668855667114,0.4385506212711334,0.6622315645217896,0.5002905130386353,294.46075439453125
233,GRU_CE_47_4_800_10.0_2.0_580.0_0.52_adam_0.0004996418465861808,47,4,19.834065198898315,0.39113232493400574,0.6254057288169861,0.46683526039123535,241.27711486816406
234,GRU_CE_47_5_800_10.0_2.0_580.0_0.52_adam_0.0004996418465861808,47,5,19.75809645652771,0.4256407916545868,0.6524115204811096,0.4933851361274719,233.5115966796875
235,GRU_CE_48_1_800_30.0_3.0_220.0_0.49_adam_0.0004338768197530947,48,1,8.836983919143677,0.4351697564125061,0.6596739888191223,0.4922284185886383,268.89276123046875
236,GRU_CE_48_2_800_30.0_3.0_220.0_0.49_adam_0.0004338768197530947,48,2,10.309408903121948,0.493007630109787,0.702144980430603,0.5422703623771667,325.4805603027344
237,GRU_CE_48_3_800_30.0_3.0_220.0_0.49_adam_0.0004338768197530947,48,3,13.066151857376099,0.42967095971107483,0.655492901802063,0.4953504502773285,269.6526794433594
238,GRU_CE_48_4_800_30.0_3.0_220.0_0.49_adam_0.0004338768197530947,48,4,20.88193440437317,0.3955690860748291,0.6289428472518921,0.4659922420978546,249.55657958984375
239,GRU_CE_48_5_800_30.0_3.0_220.0_0.49_adam_0.0004338768197530947,48,5,13.502919673919678,0.3903430998325348,0.6247744560241699,0.46595603227615356,224.71246337890625
240,GRU_CE_49_1_800_20.0_2.0_320.0_0.5_adam_0.0003025773968153702,49,1,8.33290719985962,0.5496337413787842,0.7413728833198547,0.5778190493583679,375.437744140625
241,GRU_CE_49_2_800_20.0_2.0_320.0_0.5_adam_0.0003025773968153702,49,2,9.602900505065918,0.5065083503723145,0.7116940021514893,0.5489566326141357,337.4593505859375
242,GRU_CE_49_3_800_20.0_2.0_320.0_0.5_adam_0.0003025773968153702,49,3,13.058831453323364,0.4348539113998413,0.6594345569610596,0.5011472105979919,266.4692077636719
243,GRU_CE_49_4_800_20.0_2.0_320.0_0.5_adam_0.0003025773968153702,49,4,17.69607639312744,0.39882636070251465,0.6315270066261292,0.4709920287132263,248.28689575195312
244,GRU_CE_49_5_800_20.0_2.0_320.0_0.5_adam_0.0003025773968153702,49,5,13.299601554870605,0.38675254583358765,0.6218942999839783,0.4661182165145874,216.80091857910156
245,GRU_CE_50_1_800_50.0_1.0_360.0_0.66_adam_0.00045851647699868676,50,1,5.46532416343689,0.5912373661994934,0.7689195871353149,0.6069298386573792,402.7926025390625
246,GRU_CE_50_2_800_50.0_1.0_360.0_0.66_adam_0.00045851647699868676,50,2,6.612386703491211,0.546405553817749,0.7391924858093262,0.574156641960144,360.9292297363281
247,GRU_CE_50_3_800_50.0_1.0_360.0_0.66_adam_0.00045851647699868676,50,3,7.8621506690979,0.4308282434940338,0.6563750505447388,0.49845731258392334,266.96649169921875
248,GRU_CE_50_4_800_50.0_1.0_360.0_0.66_adam_0.00045851647699868676,50,4,12.931061267852783,0.39551863074302673,0.6289027333259583,0.46653634309768677,242.02198791503906
249,GRU_CE_50_5_800_50.0_1.0_360.0_0.66_adam_0.00045851647699868676,50,5,6.200318336486816,0.3895765244960785,0.624160647392273,0.46233510971069336,233.911376953125
250,GRU_CE_51_1_800_10.0_3.0_400.0_0.55_adam_0.00040612660709016566,51,1,13.633178949356079,0.6152109503746033,0.7843538522720337,0.6220452785491943,409.2967529296875
251,GRU_CE_51_2_800_10.0_3.0_400.0_0.55_adam_0.00040612660709016566,51,2,15.102656841278076,0.4882010519504547,0.6987138390541077,0.5416077971458435,301.5914001464844
252,GRU_CE_51_3_800_10.0_3.0_400.0_0.55_adam_0.00040612660709016566,51,3,24.63579034805298,0.41009071469306946,0.640383243560791,0.4722036123275757,254.29171752929688
253,GRU_CE_51_4_800_10.0_3.0_400.0_0.55_adam_0.00040612660709016566,51,4,25.30631923675537,0.38299351930618286,0.6188646554946899,0.46492335200309753,211.91355895996094
254,GRU_CE_51_5_800_10.0_3.0_400.0_0.55_adam_0.00040612660709016566,51,5,25.311910152435303,0.4189322590827942,0.6472497582435608,0.4893893003463745,242.83563232421875
255,GRU_CE_52_1_800_60.0_2.0_180.0_0.61_adam_0.00024905502931974827,52,1,7.36244535446167,0.4726755917072296,0.687514066696167,0.5285152196884155,299.8805236816406
256,GRU_CE_52_2_800_60.0_2.0_180.0_0.61_adam_0.00024905502931974827,52,2,8.111870765686035,0.4791716933250427,0.6922222971916199,0.5319768786430359,310.8460388183594
257,GRU_CE_52_3_800_60.0_2.0_180.0_0.61_adam_0.00024905502931974827,52,3,11.36829137802124,0.44643473625183105,0.668157696723938,0.506109356880188,278.4767761230469
258,GRU_CE_52_4_800_60.0_2.0_180.0_0.61_adam_0.00024905502931974827,52,4,20.447551012039185,0.4048175811767578,0.636252760887146,0.47522374987602234,249.9468231201172
259,GRU_CE_52_5_800_60.0_2.0_180.0_0.61_adam_0.00024905502931974827,52,5,10.440691947937012,0.378569632768631,0.6152800917625427,0.4564836323261261,218.61752319335938
260,GRU_CE_53_1_800_20.0_1.0_240.0_0.63_adam_0.00037569594838206055,53,1,8.409179210662842,0.6478085517883301,0.8048655390739441,0.6299766898155212,435.7448425292969
261,GRU_CE_53_2_800_20.0_1.0_240.0_0.63_adam_0.00037569594838206055,53,2,7.124207019805908,0.48736241459846497,0.6981134414672852,0.5385105609893799,315.6847229003906
262,GRU_CE_53_3_800_20.0_1.0_240.0_0.63_adam_0.00037569594838206055,53,3,9.506715774536133,0.4353342056274414,0.6597986221313477,0.4986499845981598,280.1560974121094
263,GRU_CE_53_4_800_20.0_1.0_240.0_0.63_adam_0.00037569594838206055,53,4,16.58944821357727,0.4052913784980774,0.6366249918937683,0.47809240221977234,249.4349822998047
264,GRU_CE_53_5_800_20.0_1.0_240.0_0.63_adam_0.00037569594838206055,53,5,10.104458332061768,0.3807515799999237,0.6170507073402405,0.4559583067893982,222.78759765625
265,GRU_CE_54_1_800_30.0_2.0_540.0_0.58_adam_0.0004448859684077111,54,1,7.003416299819946,0.4705493152141571,0.6859659552574158,0.5224592685699463,312.33465576171875
266,GRU_CE_54_2_800_30.0_2.0_540.0_0.58_adam_0.0004448859684077111,54,2,7.721983909606934,0.44370073080062866,0.6661086678504944,0.5097540616989136,274.72686767578125
267,GRU_CE_54_3_800_30.0_2.0_540.0_0.58_adam_0.0004448859684077111,54,3,9.413614511489868,0.4267943203449249,0.6532949805259705,0.4932779371738434,273.13043212890625
268,GRU_CE_54_4_800_30.0_2.0_540.0_0.58_adam_0.0004448859684077111,54,4,17.14306116104126,0.40648195147514343,0.6375593543052673,0.47713959217071533,248.79408264160156
269,GRU_CE_54_5_800_30.0_2.0_540.0_0.58_adam_0.0004448859684077111,54,5,20.35557198524475,0.39703047275543213,0.6301035284996033,0.47609788179397583,207.14271545410156
270,GRU_CE_55_1_800_40.0_3.0_460.0_0.43_adam_0.0002878863179647474,55,1,8.494461059570312,0.4372181296348572,0.6612247228622437,0.4923989176750183,280.30377197265625
271,GRU_CE_55_2_800_40.0_3.0_460.0_0.43_adam_0.0002878863179647474,55,2,9.395471096038818,0.4574892818927765,0.6763795018196106,0.5169524550437927,289.14483642578125
272,GRU_CE_55_3_800_40.0_3.0_460.0_0.43_adam_0.0002878863179647474,55,3,13.04965090751648,0.4238215982913971,0.6510158181190491,0.49530258774757385,257.0718994140625
273,GRU_CE_55_4_800_40.0_3.0_460.0_0.43_adam_0.0002878863179647474,55,4,10.645304203033447,0.38449031114578247,0.6200728416442871,0.46012964844703674,221.39654541015625
274,GRU_CE_55_5_800_40.0_3.0_460.0_0.43_adam_0.0002878863179647474,55,5,12.355276346206665,0.38548415899276733,0.6208736896514893,0.45991313457489014,231.30816650390625
275,GRU_CE_56_1_800_50.0_3.0_120.0_0.48_adam_0.00033216364135017627,56,1,8.687823295593262,0.46746253967285156,0.683712363243103,0.5207037329673767,290.1862487792969
276,GRU_CE_56_2_800_50.0_3.0_120.0_0.48_adam_0.00033216364135017627,56,2,9.724292516708374,0.47772035002708435,0.6911731362342834,0.530863881111145,311.7771301269531
277,GRU_CE_56_3_800_50.0_3.0_120.0_0.48_adam_0.00033216364135017627,56,3,11.312660932540894,0.44590914249420166,0.6677642464637756,0.5048702359199524,292.89129638671875
278,GRU_CE_56_4_800_50.0_3.0_120.0_0.48_adam_0.00033216364135017627,56,4,22.076162338256836,0.39644694328308105,0.6296403408050537,0.4678388237953186,246.15553283691406
279,GRU_CE_56_5_800_50.0_3.0_120.0_0.48_adam_0.00033216364135017627,56,5,12.568569421768188,0.38182464241981506,0.6179196238517761,0.45737963914871216,223.85108947753906
280,GRU_CE_57_1_800_10.0_1.0_300.0_0.45_adam_0.000492062852372234,57,1,7.969518661499023,0.5491006970405579,0.7410132884979248,0.5819716453552246,370.19586181640625
281,GRU_CE_57_2_800_10.0_1.0_300.0_0.45_adam_0.000492062852372234,57,2,9.790638208389282,0.5085957050323486,0.7131589651107788,0.5513513684272766,338.4832458496094
282,GRU_CE_57_3_800_10.0_1.0_300.0_0.45_adam_0.000492062852372234,57,3,12.460244417190552,0.4380347430706024,0.6618419289588928,0.5000396966934204,276.78924560546875
283,GRU_CE_57_4_800_10.0_1.0_300.0_0.45_adam_0.000492062852372234,57,4,14.674806833267212,0.39138904213905334,0.6256109476089478,0.4636143743991852,241.83775329589844
284,GRU_CE_57_5_800_10.0_1.0_300.0_0.45_adam_0.000492062852372234,57,5,15.203053951263428,0.3952183127403259,0.6286638975143433,0.4744609594345093,196.19174194335938
285,GRU_CE_58_1_800_20.0_2.0_420.0_0.56_adam_0.00013655194511222758,58,1,8.008636713027954,0.42337766289711,0.6506747603416443,0.4904783070087433,246.3566131591797
286,GRU_CE_58_2_800_20.0_2.0_420.0_0.56_adam_0.00013655194511222758,58,2,10.07760214805603,0.4826674163341522,0.6947426795959473,0.5336853265762329,312.1236572265625
287,GRU_CE_58_3_800_20.0_2.0_420.0_0.56_adam_0.00013655194511222758,58,3,14.329667329788208,0.4275543987751007,0.6538764238357544,0.4953587055206299,255.8990478515625
288,GRU_CE_58_4_800_20.0_2.0_420.0_0.56_adam_0.00013655194511222758,58,4,19.377694368362427,0.39453375339508057,0.6281192302703857,0.46881675720214844,237.21475219726562
289,GRU_CE_58_5_800_20.0_2.0_420.0_0.56_adam_0.00013655194511222758,58,5,15.008694887161255,0.38276609778404236,0.6186809539794922,0.45853474736213684,224.56387329101562
290,GRU_CE_59_1_800_70.0_3.0_340.0_0.51_adam_0.00018542136779043977,59,1,8.483156442642212,0.46428772807121277,0.6813865900039673,0.5166183710098267,291.8846435546875
291,GRU_CE_59_2_800_70.0_3.0_340.0_0.51_adam_0.00018542136779043977,59,2,9.349258422851562,0.4818360507488251,0.6941441297531128,0.5330020189285278,313.8719787597656
292,GRU_CE_59_3_800_70.0_3.0_340.0_0.51_adam_0.00018542136779043977,59,3,13.39394211769104,0.43095284700393677,0.656470000743866,0.4950428307056427,276.3819274902344
293,GRU_CE_59_4_800_70.0_3.0_340.0_0.51_adam_0.00018542136779043977,59,4,17.964000940322876,0.40136969089508057,0.6335374712944031,0.4728389382362366,246.68206787109375
294,GRU_CE_59_5_800_70.0_3.0_340.0_0.51_adam_0.00018542136779043977,59,5,10.911864995956421,0.3831692337989807,0.6190066337585449,0.46031510829925537,223.20611572265625
295,GRU_CE_60_1_800_40.0_2.0_680.0_0.6_adam_0.00010017462782840154,60,1,7.133098840713501,0.4329206049442291,0.6579670310020447,0.49964630603790283,263.6358337402344
296,GRU_CE_60_2_800_40.0_2.0_680.0_0.6_adam_0.00010017462782840154,60,2,7.940202713012695,0.44215282797813416,0.6649457216262817,0.5063211917877197,277.97119140625
297,GRU_CE_60_3_800_40.0_2.0_680.0_0.6_adam_0.00010017462782840154,60,3,12.930544137954712,0.4222659170627594,0.6498199105262756,0.4904959797859192,257.6973571777344
298,GRU_CE_60_4_800_40.0_2.0_680.0_0.6_adam_0.00010017462782840154,60,4,14.017817258834839,0.38986629247665405,0.6243927478790283,0.46545174717903137,230.47288513183594
299,GRU_CE_60_5_800_40.0_2.0_680.0_0.6_adam_0.00010017462782840154,60,5,12.504404544830322,0.3767598867416382,0.6138076782226562,0.4559175670146942,209.12599182128906
300,GRU_CE_61_1_800_30.0_1.0_200.0_0.62_adam_0.00046508200283718374,61,1,5.157658100128174,0.4473384618759155,0.6688336730003357,0.507871150970459,288.92987060546875
301,GRU_CE_61_2_800_30.0_1.0_200.0_0.62_adam_0.00046508200283718374,61,2,6.837046384811401,0.4945446848869324,0.7032387256622314,0.5413506627082825,321.41119384765625
302,GRU_CE_61_3_800_30.0_1.0_200.0_0.62_adam_0.00046508200283718374,61,3,8.958280324935913,0.42556118965148926,0.6523504853248596,0.4962407052516937,271.1359558105469
303,GRU_CE_61_4_800_30.0_1.0_200.0_0.62_adam_0.00046508200283718374,61,4,17.82899785041809,0.4084630310535431,0.6391111016273499,0.47853660583496094,249.37399291992188
304,GRU_CE_61_5_800_30.0_1.0_200.0_0.62_adam_0.00046508200283718374,61,5,8.544543027877808,0.37958893179893494,0.6161078810691833,0.4578275978565216,220.67579650878906
305,GRU_CE_62_1_800_20.0_3.0_260.0_0.65_adam_0.0004248529230797694,62,1,9.977313041687012,0.4467545449733734,0.6683970093727112,0.5041480660438538,281.53082275390625
306,GRU_CE_62_2_800_20.0_3.0_260.0_0.65_adam_0.0004248529230797694,62,2,15.284180879592896,0.5460925102233887,0.7389807105064392,0.5745327472686768,357.35498046875
307,GRU_CE_62_3_800_20.0_3.0_260.0_0.65_adam_0.0004248529230797694,62,3,18.18483829498291,0.4375017583370209,0.6614391207695007,0.5017176866531372,281.0819396972656
308,GRU_CE_62_4_800_20.0_3.0_260.0_0.65_adam_0.0004248529230797694,62,4,22.52943444252014,0.39150580763816833,0.6257042288780212,0.4604443907737732,241.03977966308594
309,GRU_CE_62_5_800_20.0_3.0_260.0_0.65_adam_0.0004248529230797694,62,5,16.814152002334595,0.38851404190063477,0.6233089566230774,0.46479031443595886,228.09327697753906
310,GRU_CE_63_1_800_60.0_2.0_160.0_0.58_adam_0.0003583449517691279,63,1,7.798922777175903,0.53459632396698,0.7311609387397766,0.5692866444587708,359.6366882324219
311,GRU_CE_63_2_800_60.0_2.0_160.0_0.58_adam_0.0003583449517691279,63,2,7.899034023284912,0.4772736728191376,0.6908499598503113,0.5324817895889282,315.3653564453125
312,GRU_CE_63_3_800_60.0_2.0_160.0_0.58_adam_0.0003583449517691279,63,3,11.283140897750854,0.4507203698158264,0.6713570952415466,0.5071056485176086,292.8554382324219
313,GRU_CE_63_4_800_60.0_2.0_160.0_0.58_adam_0.0003583449517691279,63,4,14.8336021900177,0.39904457330703735,0.6316997408866882,0.4686087667942047,247.5200958251953
314,GRU_CE_63_5_800_60.0_2.0_160.0_0.58_adam_0.0003583449517691279,63,5,10.295675039291382,0.3794206976890564,0.6159713268280029,0.4538269639015198,213.81483459472656
315,GRU_CE_64_1_800_50.0_1.0_440.0_0.69_adam_0.00040084016406162086,64,1,5.845160961151123,0.539211630821228,0.7343103289604187,0.5740598440170288,366.038818359375
316,GRU_CE_64_2_800_50.0_1.0_440.0_0.69_adam_0.00040084016406162086,64,2,5.354781866073608,0.4787404239177704,0.6919106841087341,0.5330405831336975,311.0298767089844
317,GRU_CE_64_3_800_50.0_1.0_440.0_0.69_adam_0.00040084016406162086,64,3,8.57471227645874,0.4234646260738373,0.6507415771484375,0.4955977499485016,259.6642761230469
318,GRU_CE_64_4_800_50.0_1.0_440.0_0.69_adam_0.00040084016406162086,64,4,14.014709949493408,0.3929315209388733,0.6268424987792969,0.46855592727661133,229.6709442138672
319,GRU_CE_64_5_800_50.0_1.0_440.0_0.69_adam_0.00040084016406162086,64,5,6.504038095474243,0.38604167103767395,0.621322512626648,0.4611397087574005,224.58636474609375
320,GRU_CE_65_1_800_70.0_3.0_380.0_0.54_adam_0.00030417264251915953,65,1,8.188959836959839,0.4777633547782898,0.6912042498588562,0.5332149267196655,309.99554443359375
321,GRU_CE_65_2_800_70.0_3.0_380.0_0.54_adam_0.00030417264251915953,65,2,8.774672985076904,0.471578449010849,0.6867156624794006,0.5290661454200745,293.4189147949219
322,GRU_CE_65_3_800_70.0_3.0_380.0_0.54_adam_0.00030417264251915953,65,3,10.598235607147217,0.4382367730140686,0.6619945168495178,0.5000329613685608,272.11102294921875
323,GRU_CE_65_4_800_70.0_3.0_380.0_0.54_adam_0.00030417264251915953,65,4,14.443329334259033,0.39401695132255554,0.6277077198028564,0.46327096223831177,243.7709503173828
324,GRU_CE_65_5_800_70.0_3.0_380.0_0.54_adam_0.00030417264251915953,65,5,22.37757420539856,0.37678205966949463,0.6138257384300232,0.45637068152427673,219.03245544433594
325,GRU_CE_66_1_800_10.0_3.0_400.0_0.52_adam_0.00041006786465158846,66,1,14.066716432571411,0.6171492338180542,0.7855885028839111,0.6247445940971375,414.97930908203125
326,GRU_CE_66_2_800_10.0_3.0_400.0_0.52_adam_0.00041006786465158846,66,2,19.818483591079712,0.538698673248291,0.7339609265327454,0.5685760974884033,343.03826904296875
327,GRU_CE_66_3_800_10.0_3.0_400.0_0.52_adam_0.00041006786465158846,66,3,19.505749464035034,0.4462210237979889,0.6679977774620056,0.5058445930480957,290.65472412109375
328,GRU_CE_66_4_800_10.0_3.0_400.0_0.52_adam_0.00041006786465158846,66,4,33.230732679367065,0.4117872416973114,0.6417065262794495,0.4699002504348755,241.5801239013672
329,GRU_CE_66_5_800_10.0_3.0_400.0_0.52_adam_0.00041006786465158846,66,5,26.680968523025513,0.38089320063591003,0.6171654462814331,0.4643709361553192,188.1411590576172
330,GRU_CE_67_1_800_10.0_3.0_500.0_0.49_adam_0.0004874858675338587,67,1,12.609018325805664,0.5383133888244629,0.7336984276771545,0.5668865442276001,365.7816162109375
331,GRU_CE_67_2_800_10.0_3.0_500.0_0.49_adam_0.0004874858675338587,67,2,19.802926301956177,0.5505180954933167,0.7419690489768982,0.5768982768058777,347.6371765136719
332,GRU_CE_67_3_800_10.0_3.0_500.0_0.49_adam_0.0004874858675338587,67,3,19.402132272720337,0.4314378798007965,0.6568393111228943,0.48704779148101807,293.72137451171875
333,GRU_CE_67_4_800_10.0_3.0_500.0_0.49_adam_0.0004874858675338587,67,4,24.935108184814453,0.3859141170978546,0.6212198734283447,0.4667988121509552,228.79339599609375
334,GRU_CE_67_5_800_10.0_3.0_500.0_0.49_adam_0.0004874858675338587,67,5,27.252399682998657,0.35820499062538147,0.5985022783279419,0.44084444642066956,194.1510009765625
335,GRU_CE_68_1_800_10.0_3.0_300.0_0.46_adam_0.0003787524735471492,68,1,14.014858722686768,0.646299421787262,0.803927481174469,0.6374132037162781,433.1988525390625
336,GRU_CE_68_2_800_10.0_3.0_300.0_0.46_adam_0.0003787524735471492,68,2,19.614771604537964,0.549146294593811,0.7410440444946289,0.5724499225616455,354.9828796386719
337,GRU_CE_68_3_800_10.0_3.0_300.0_0.46_adam_0.0003787524735471492,68,3,24.606598377227783,0.41630157828330994,0.6452143788337708,0.4800874888896942,260.4212951660156
338,GRU_CE_68_4_800_10.0_3.0_300.0_0.46_adam_0.0003787524735471492,68,4,33.29928970336914,0.4053231179714203,0.6366499066352844,0.47304901480674744,255.1013641357422
339,GRU_CE_68_5_800_10.0_3.0_300.0_0.46_adam_0.0003787524735471492,68,5,26.956403255462646,0.38551950454711914,0.6209021806716919,0.46769505739212036,190.70750427246094
340,GRU_CE_69_1_800_20.0_3.0_340.0_0.52_adam_0.0004146855682359549,69,1,10.611246585845947,0.5683069229125977,0.7538613677024841,0.5929864048957825,380.79718017578125
341,GRU_CE_69_2_800_20.0_3.0_340.0_0.52_adam_0.0004146855682359549,69,2,11.747437715530396,0.43847620487213135,0.6621753573417664,0.5012120008468628,272.5855712890625
342,GRU_CE_69_3_800_20.0_3.0_340.0_0.52_adam_0.0004146855682359549,69,3,15.326301097869873,0.4309643805027008,0.656478762626648,0.49289458990097046,275.7471008300781
343,GRU_CE_69_4_800_20.0_3.0_340.0_0.52_adam_0.0004146855682359549,69,4,22.40543293952942,0.40294116735458374,0.6347764730453491,0.4722101092338562,253.70367431640625
344,GRU_CE_69_5_800_20.0_3.0_340.0_0.52_adam_0.0004146855682359549,69,5,17.293445348739624,0.4147132337093353,0.6439822912216187,0.488693505525589,192.3978729248047
345,GRU_CE_70_1_800_10.0_3.0_400.0_0.55_adam_0.00027512322724814603,70,1,13.5471510887146,0.565365195274353,0.7519077062606812,0.5935176610946655,383.9378356933594
346,GRU_CE_70_2_800_10.0_3.0_400.0_0.55_adam_0.00027512322724814603,70,2,16.91538405418396,0.5100553035736084,0.7141815423965454,0.5530721545219421,330.76080322265625
347,GRU_CE_70_3_800_10.0_3.0_400.0_0.55_adam_0.00027512322724814603,70,3,21.42914581298828,0.4364830255508423,0.6606686115264893,0.4958367645740509,278.9577941894531
348,GRU_CE_70_4_800_10.0_3.0_400.0_0.55_adam_0.00027512322724814603,70,4,27.165698289871216,0.3946562111377716,0.6282166838645935,0.45701122283935547,240.153076171875
349,GRU_CE_70_5_800_10.0_3.0_400.0_0.55_adam_0.00027512322724814603,70,5,26.220420122146606,0.4000502824783325,0.6324952840805054,0.4780919551849365,191.2627410888672
350,GRU_CE_71_1_800_30.0_3.0_260.0_0.48_adam_0.00044963816837858775,71,1,8.90608549118042,0.48906534910202026,0.699332058429718,0.529284656047821,316.5166015625
351,GRU_CE_71_2_800_30.0_3.0_260.0_0.48_adam_0.00044963816837858775,71,2,9.91788125038147,0.45730286836624146,0.6762416958808899,0.518068253993988,270.0656433105469
352,GRU_CE_71_3_800_30.0_3.0_260.0_0.48_adam_0.00044963816837858775,71,3,13.490331649780273,0.4073677361011505,0.6382536292076111,0.48097309470176697,243.22312927246094
353,GRU_CE_71_4_800_30.0_3.0_260.0_0.48_adam_0.00044963816837858775,71,4,20.322909832000732,0.39968225359916687,0.6322042942047119,0.4714881181716919,240.90879821777344
354,GRU_CE_71_5_800_30.0_3.0_260.0_0.48_adam_0.00044963816837858775,71,5,13.584097146987915,0.390938401222229,0.6252506375312805,0.4675178527832031,219.61912536621094
355,GRU_CE_72_1_800_30.0_3.0_240.0_0.57_adam_0.0004311464698745913,72,1,9.31819200515747,0.4800493121147156,0.6928558945655823,0.5314305424690247,315.4573059082031
356,GRU_CE_72_2_800_30.0_3.0_240.0_0.57_adam_0.0004311464698745913,72,2,10.47969651222229,0.4734072983264923,0.6880459785461426,0.5277412533760071,307.929931640625
357,GRU_CE_72_3_800_30.0_3.0_240.0_0.57_adam_0.0004311464698745913,72,3,13.904383420944214,0.4402446746826172,0.6635093688964844,0.4992796778678894,287.62982177734375
358,GRU_CE_72_4_800_30.0_3.0_240.0_0.57_adam_0.0004311464698745913,72,4,20.557583332061768,0.39457443356513977,0.6281515955924988,0.4667978286743164,243.64730834960938
359,GRU_CE_72_5_800_30.0_3.0_240.0_0.57_adam_0.0004311464698745913,72,5,14.072184324264526,0.3800883889198303,0.6165130734443665,0.45272955298423767,225.69358825683594
360,GRU_CE_73_1_800_10.0_3.0_480.0_0.48_adam_0.0003245011677285648,73,1,13.777396202087402,0.5985410213470459,0.7736543416976929,0.6120508313179016,401.37164306640625
361,GRU_CE_73_2_800_10.0_3.0_480.0_0.48_adam_0.0003245011677285648,73,2,15.635012865066528,0.47120046615600586,0.6864404082298279,0.5289848446846008,289.5531921386719
362,GRU_CE_73_3_800_10.0_3.0_480.0_0.48_adam_0.0003245011677285648,73,3,19.145606756210327,0.4535231292247772,0.6734412312507629,0.5120720267295837,288.2313232421875
363,GRU_CE_73_4_800_10.0_3.0_480.0_0.48_adam_0.0003245011677285648,73,4,24.871235847473145,0.38762786984443665,0.6225976943969727,0.4668982923030853,230.28775024414062
364,GRU_CE_73_5_800_10.0_3.0_480.0_0.48_adam_0.0003245011677285648,73,5,26.52186894416809,0.4016653895378113,0.633770763874054,0.4783509373664856,222.65113830566406
365,GRU_CE_74_1_800_20.0_3.0_100.0_0.5_adam_0.0004713221876263867,74,1,10.927630186080933,0.45549681782722473,0.674905002117157,0.5197577476501465,288.0565185546875
366,GRU_CE_74_2_800_20.0_3.0_100.0_0.5_adam_0.0004713221876263867,74,2,13.713844776153564,0.5015416145324707,0.7081959843635559,0.5489249229431152,332.296875
367,GRU_CE_74_3_800_20.0_3.0_100.0_0.5_adam_0.0004713221876263867,74,3,18.35923957824707,0.45610764622688293,0.6753574013710022,0.5131664276123047,295.1304626464844
368,GRU_CE_74_4_800_20.0_3.0_100.0_0.5_adam_0.0004713221876263867,74,4,21.834673166275024,0.4004196226596832,0.6327871680259705,0.47200530767440796,250.30906677246094
369,GRU_CE_74_5_800_20.0_3.0_100.0_0.5_adam_0.0004713221876263867,74,5,18.74880886077881,0.38703787326812744,0.622123658657074,0.46069806814193726,236.12413024902344
370,GRU_CE_75_1_800_40.0_3.0_280.0_0.51_adam_0.0003528563314107876,75,1,8.57008981704712,0.44244974851608276,0.6651689410209656,0.4987874925136566,280.9927673339844
371,GRU_CE_75_2_800_40.0_3.0_280.0_0.51_adam_0.0003528563314107876,75,2,9.462791681289673,0.4876655340194702,0.6983305215835571,0.5411748290061951,309.36126708984375
372,GRU_CE_75_3_800_40.0_3.0_280.0_0.51_adam_0.0003528563314107876,75,3,12.536661386489868,0.43539372086524963,0.6598436832427979,0.4945363998413086,272.9345703125
373,GRU_CE_75_4_800_40.0_3.0_280.0_0.51_adam_0.0003528563314107876,75,4,14.570475578308105,0.39218512177467346,0.6262468695640564,0.46595197916030884,236.4154815673828
374,GRU_CE_75_5_800_40.0_3.0_280.0_0.51_adam_0.0003528563314107876,75,5,12.200878381729126,0.3825652599334717,0.618518590927124,0.4574376046657562,222.31141662597656
375,GRU_CE_76_1_800_20.0_3.0_380.0_0.44_adam_0.00044914940728589233,76,1,22.56857967376709,0.44733452796936035,0.6688306927680969,0.5021229982376099,294.35748291015625
376,GRU_CE_76_2_800_20.0_3.0_380.0_0.44_adam_0.00044914940728589233,76,2,12.206485033035278,0.5260502696037292,0.7252932190895081,0.5626363158226013,342.3665466308594
377,GRU_CE_76_3_800_20.0_3.0_380.0_0.44_adam_0.00044914940728589233,76,3,14.32213544845581,0.4319818615913391,0.6572532653808594,0.497114896774292,270.90069580078125
378,GRU_CE_76_4_800_20.0_3.0_380.0_0.44_adam_0.00044914940728589233,76,4,15.495971441268921,0.37909042835235596,0.6157031655311584,0.4534916281700134,219.95550537109375
379,GRU_CE_76_5_800_20.0_3.0_380.0_0.44_adam_0.00044914940728589233,76,5,15.705926418304443,0.4065821170806885,0.6376379132270813,0.4820864498615265,244.82952880859375
380,GRU_CE_77_1_800_10.0_3.0_560.0_0.53_adam_0.0003883261934059505,77,1,13.410340785980225,0.632082998752594,0.7950364947319031,0.6161054372787476,434.3343811035156
381,GRU_CE_77_2_800_10.0_3.0_560.0_0.53_adam_0.0003883261934059505,77,2,18.522878170013428,0.5268232226371765,0.7258259057998657,0.5623220801353455,339.59381103515625
382,GRU_CE_77_3_800_10.0_3.0_560.0_0.53_adam_0.0003883261934059505,77,3,18.656904697418213,0.44313955307006836,0.6656872630119324,0.49717652797698975,296.87109375
383,GRU_CE_77_4_800_10.0_3.0_560.0_0.53_adam_0.0003883261934059505,77,4,23.97089195251465,0.39074116945266724,0.6250929236412048,0.4643172323703766,232.30592346191406
384,GRU_CE_77_5_800_10.0_3.0_560.0_0.53_adam_0.0003883261934059505,77,5,25.46233630180359,0.37839511036872864,0.6151382923126221,0.4651307165622711,179.67437744140625
385,GRU_CE_78_1_800_30.0_3.0_140.0_0.48_adam_0.0004998751693186809,78,1,8.863691568374634,0.4642370939254761,0.6813494563102722,0.5145483016967773,303.6579895019531
386,GRU_CE_78_2_800_30.0_3.0_140.0_0.48_adam_0.0004998751693186809,78,2,12.90171766281128,0.5966923832893372,0.7724586725234985,0.6039130091667175,389.9476623535156
387,GRU_CE_78_3_800_30.0_3.0_140.0_0.48_adam_0.0004998751693186809,78,3,13.33608341217041,0.4329322278499603,0.6579758524894714,0.4951988756656647,274.9058837890625
388,GRU_CE_78_4_800_30.0_3.0_140.0_0.48_adam_0.0004998751693186809,78,4,16.699846267700195,0.38866227865219116,0.6234278678894043,0.46222931146621704,236.06549072265625
389,GRU_CE_78_5_800_30.0_3.0_140.0_0.48_adam_0.0004998751693186809,78,5,14.01893949508667,0.382926344871521,0.6188104152679443,0.45826297998428345,222.56076049804688
390,GRU_CE_79_1_800_100.0_2.0_200.0_0.47_adam_0.0004084572249192587,79,1,5.928272008895874,0.44839203357696533,0.6696208119392395,0.5029517412185669,280.44183349609375
391,GRU_CE_79_2_800_100.0_2.0_200.0_0.47_adam_0.0004084572249192587,79,2,6.322559595108032,0.49417364597320557,0.7029748558998108,0.5440681576728821,323.6490783691406
392,GRU_CE_79_3_800_100.0_2.0_200.0_0.47_adam_0.0004084572249192587,79,3,7.466923952102661,0.4396880567073822,0.6630897521972656,0.49952393770217896,279.62725830078125
393,GRU_CE_79_4_800_100.0_2.0_200.0_0.47_adam_0.0004084572249192587,79,4,10.067278146743774,0.39812639355659485,0.6309725642204285,0.4679006338119507,248.6165008544922
394,GRU_CE_79_5_800_100.0_2.0_200.0_0.47_adam_0.0004084572249192587,79,5,7.68134617805481,0.3804835379123688,0.6168334484100342,0.45507779717445374,219.20162963867188
395,GRU_CE_80_1_800_20.0_3.0_340.0_0.52_adam_0.0004797616134935843,80,1,9.579015493392944,0.45233121514320374,0.6725557446479797,0.5071722865104675,305.05682373046875
396,GRU_CE_80_2_800_20.0_3.0_340.0_0.52_adam_0.0004797616134935843,80,2,12.218074083328247,0.5139331221580505,0.7168912887573242,0.5521924495697021,343.3544006347656
397,GRU_CE_80_3_800_20.0_3.0_340.0_0.52_adam_0.0004797616134935843,80,3,14.293004035949707,0.4302233159542084,0.6559140682220459,0.49306565523147583,267.81195068359375
398,GRU_CE_80_4_800_20.0_3.0_340.0_0.52_adam_0.0004797616134935843,80,4,21.518457174301147,0.4080949127674103,0.6388230323791504,0.47882986068725586,255.91688537597656
399,GRU_CE_80_5_800_20.0_3.0_340.0_0.52_adam_0.0004797616134935843,80,5,16.49803376197815,0.41682079434394836,0.6456165909767151,0.49010148644447327,194.81411743164062
400,GRU_CE_81_1_800_40.0_3.0_620.0_0.5_adam_0.0003671025234539774,81,1,8.331012487411499,0.4746686518192291,0.6889619827270508,0.5262927412986755,317.1472473144531
401,GRU_CE_81_2_800_40.0_3.0_620.0_0.5_adam_0.0003671025234539774,81,2,8.927489995956421,0.46110427379608154,0.6790465712547302,0.5233020782470703,271.7627258300781
402,GRU_CE_81_3_800_40.0_3.0_620.0_0.5_adam_0.0003671025234539774,81,3,11.871846675872803,0.42477893829345703,0.6517506837844849,0.49310874938964844,249.86309814453125
403,GRU_CE_81_4_800_40.0_3.0_620.0_0.5_adam_0.0003671025234539774,81,4,15.170968294143677,0.39487144351005554,0.628387987613678,0.46741893887519836,244.30496215820312
404,GRU_CE_81_5_800_40.0_3.0_620.0_0.5_adam_0.0003671025234539774,81,5,12.081970453262329,0.38404741883277893,0.6197155714035034,0.4664294421672821,201.3351287841797
405,GRU_CE_82_1_800_10.0_1.0_260.0_0.46_adam_0.00046391886157289784,82,1,6.892949819564819,0.4806595742702484,0.6932961344718933,0.5409278273582458,312.8461608886719
406,GRU_CE_82_2_800_10.0_1.0_260.0_0.46_adam_0.00046391886157289784,82,2,8.724655151367188,0.4522411823272705,0.672488808631897,0.5105308294296265,290.10321044921875
407,GRU_CE_82_3_800_10.0_1.0_260.0_0.46_adam_0.00046391886157289784,82,3,10.845521688461304,0.43070927262306213,0.6562844514846802,0.4933615028858185,282.923583984375
408,GRU_CE_82_4_800_10.0_1.0_260.0_0.46_adam_0.00046391886157289784,82,4,14.829445838928223,0.39746108651161194,0.6304451823234558,0.4677690863609314,243.01397705078125
409,GRU_CE_82_5_800_10.0_1.0_260.0_0.46_adam_0.00046391886157289784,82,5,14.915081977844238,0.39131906628608704,0.6255549788475037,0.47223544120788574,199.58128356933594
410,GRU_CE_83_1_800_30.0_2.0_300.0_0.55_adam_0.0004225924218818965,83,1,6.788278341293335,0.4521513283252716,0.6724219918251038,0.5086350440979004,286.6526184082031
411,GRU_CE_83_2_800_30.0_2.0_300.0_0.55_adam_0.0004225924218818965,83,2,10.344728469848633,0.560723066329956,0.7488144636154175,0.5832973718643188,362.3150634765625
412,GRU_CE_83_3_800_30.0_2.0_300.0_0.55_adam_0.0004225924218818965,83,3,10.300812005996704,0.4271450340747833,0.6535633206367493,0.49422651529312134,266.4117431640625
413,GRU_CE_83_4_800_30.0_2.0_300.0_0.55_adam_0.0004225924218818965,83,4,15.236201047897339,0.39490944147109985,0.6284182071685791,0.46776846051216125,241.87747192382812
414,GRU_CE_83_5_800_30.0_2.0_300.0_0.55_adam_0.0004225924218818965,83,5,10.442543268203735,0.38683053851127625,0.621957004070282,0.46407851576805115,221.64149475097656
415,GRU_CE_84_1_800_60.0_3.0_440.0_0.6_adam_0.0004890245758627522,84,1,7.9772233963012695,0.49840012192726135,0.7059745788574219,0.5441709160804749,324.370361328125
416,GRU_CE_84_2_800_60.0_3.0_440.0_0.6_adam_0.0004890245758627522,84,2,8.873274087905884,0.5196388363838196,0.7208597660064697,0.5553866624832153,335.3277587890625
417,GRU_CE_84_3_800_60.0_3.0_440.0_0.6_adam_0.0004890245758627522,84,3,10.474098682403564,0.44163331389427185,0.6645549535751343,0.5064826011657715,272.0226745605469
418,GRU_CE_84_4_800_60.0_3.0_440.0_0.6_adam_0.0004890245758627522,84,4,14.986504077911377,0.39697691798210144,0.6300610303878784,0.46600979566574097,247.640625
419,GRU_CE_84_5_800_60.0_3.0_440.0_0.6_adam_0.0004890245758627522,84,5,10.397705078125,0.38264453411102295,0.6185826659202576,0.45715320110321045,215.94039916992188
420,GRU_CE_85_1_800_10.0_2.0_800.0_0.54_adam_0.0003940745209638044,85,1,10.320694923400879,0.651321291923523,0.8070447444915771,0.6432988047599792,427.15045166015625
421,GRU_CE_85_2_800_10.0_2.0_800.0_0.54_adam_0.0003940745209638044,85,2,15.346751928329468,0.5098192691802979,0.7140162587165833,0.5545145869255066,321.26690673828125
422,GRU_CE_85_3_800_10.0_2.0_800.0_0.54_adam_0.0003940745209638044,85,3,14.84902548789978,0.4224357306957245,0.6499505639076233,0.4917994439601898,262.6519470214844
423,GRU_CE_85_4_800_10.0_2.0_800.0_0.54_adam_0.0003940745209638044,85,4,16.083847522735596,0.38964149355888367,0.6242126822471619,0.46247178316116333,223.2063751220703
424,GRU_CE_85_5_800_10.0_2.0_800.0_0.54_adam_0.0003940745209638044,85,5,20.559656143188477,0.3627668023109436,0.6023012399673462,0.44328004121780396,186.4569091796875
425,GRU_CE_86_1_800_90.0_3.0_420.0_0.42_adam_0.00044176695533840773,86,1,8.981168031692505,0.7263336181640625,0.8522520661354065,0.6748355031013489,474.5055236816406
426,GRU_CE_86_2_800_90.0_3.0_420.0_0.42_adam_0.00044176695533840773,86,2,8.054235458374023,0.47200268507003784,0.6870245337486267,0.5310150980949402,293.6077880859375
427,GRU_CE_86_3_800_90.0_3.0_420.0_0.42_adam_0.00044176695533840773,86,3,8.92772650718689,0.4429193139076233,0.6655218005180359,0.5050203204154968,278.6658020019531
428,GRU_CE_86_4_800_90.0_3.0_420.0_0.42_adam_0.00044176695533840773,86,4,10.54771876335144,0.3851722478866577,0.620622456073761,0.4598847031593323,231.38766479492188
429,GRU_CE_86_5_800_90.0_3.0_420.0_0.42_adam_0.00044176695533840773,86,5,9.458963394165039,0.38156166672706604,0.6177067756652832,0.45158055424690247,219.06117248535156
430,GRU_CE_87_1_800_20.0_2.0_500.0_0.41_adam_0.0004344830097459087,87,1,7.4806294441223145,0.5496262311935425,0.7413678169250488,0.5754945874214172,366.9640197753906
431,GRU_CE_87_2_800_20.0_2.0_500.0_0.41_adam_0.0004344830097459087,87,2,12.084338188171387,0.5746777653694153,0.7580750584602356,0.5838441848754883,369.5148620605469
432,GRU_CE_87_3_800_20.0_2.0_500.0_0.41_adam_0.0004344830097459087,87,3,11.201786279678345,0.4224873185157776,0.6499902009963989,0.49133655428886414,253.4276580810547
433,GRU_CE_87_4_800_20.0_2.0_500.0_0.41_adam_0.0004344830097459087,87,4,12.173516035079956,0.3871733248233795,0.6222324967384338,0.4673846364021301,230.23509216308594
434,GRU_CE_87_5_800_20.0_2.0_500.0_0.41_adam_0.0004344830097459087,87,5,12.394008159637451,0.4062003791332245,0.6373385190963745,0.48262372612953186,237.46774291992188
435,GRU_CE_88_1_800_30.0_3.0_240.0_0.56_adam_0.00045385176238480754,88,1,8.778340578079224,0.45814862847328186,0.6768667697906494,0.5092108249664307,295.8791198730469
436,GRU_CE_88_2_800_30.0_3.0_240.0_0.56_adam_0.00045385176238480754,88,2,10.837976455688477,0.5472466349601746,0.7397611737251282,0.5786088109016418,362.8743896484375
437,GRU_CE_88_3_800_30.0_3.0_240.0_0.56_adam_0.00045385176238480754,88,3,14.155792474746704,0.42271697521209717,0.6501668691635132,0.4919845461845398,268.99609375
438,GRU_CE_88_4_800_30.0_3.0_240.0_0.56_adam_0.00045385176238480754,88,4,20.106926202774048,0.39839640259742737,0.6311865448951721,0.468871146440506,242.72091674804688
439,GRU_CE_88_5_800_30.0_3.0_240.0_0.56_adam_0.00045385176238480754,88,5,12.960433006286621,0.3857227861881256,0.6210658550262451,0.4596545398235321,226.40576171875
440,GRU_CE_89_1_800_20.0_1.0_220.0_0.5_adam_0.00024938567145638466,89,1,8.608388185501099,0.672879159450531,0.8202921152114868,0.6514449715614319,447.9234924316406
441,GRU_CE_89_2_800_20.0_1.0_220.0_0.5_adam_0.00024938567145638466,89,2,7.119619846343994,0.48930707573890686,0.6995048522949219,0.5395162105560303,310.7003479003906
442,GRU_CE_89_3_800_20.0_1.0_220.0_0.5_adam_0.00024938567145638466,89,3,9.643677234649658,0.4299578070640564,0.6557116508483887,0.49505314230918884,274.5121765136719
443,GRU_CE_89_4_800_20.0_1.0_220.0_0.5_adam_0.00024938567145638466,89,4,14.134215831756592,0.4039095938205719,0.6355388164520264,0.47658059000968933,248.4132080078125
444,GRU_CE_89_5_800_20.0_1.0_220.0_0.5_adam_0.00024938567145638466,89,5,10.153554916381836,0.3901551365852356,0.6246240139007568,0.4665360152721405,234.62197875976562
445,GRU_CE_90_1_800_40.0_3.0_180.0_0.51_adam_0.0003117904073323112,90,1,8.787039995193481,0.49256420135498047,0.701829195022583,0.5402989983558655,324.1783447265625
446,GRU_CE_90_2_800_40.0_3.0_180.0_0.51_adam_0.0003117904073323112,90,2,8.973238468170166,0.4295291304588318,0.6553847193717957,0.4954516887664795,210.3267059326172
447,GRU_CE_90_3_800_40.0_3.0_180.0_0.51_adam_0.0003117904073323112,90,3,27.88602328300476,0.4569101333618164,0.6759513020515442,0.5149251222610474,298.1300048828125
448,GRU_CE_90_4_800_40.0_3.0_180.0_0.51_adam_0.0003117904073323112,90,4,22.23248553276062,0.4114179015159607,0.6414186358451843,0.4734418988227844,258.27734375
449,GRU_CE_90_5_800_40.0_3.0_180.0_0.51_adam_0.0003117904073323112,90,5,12.772540807723999,0.3821489214897156,0.6181819438934326,0.458979994058609,231.08583068847656
450,GRU_CE_91_1_800_10.0_1.0_340.0_0.52_adam_0.0004758487565604849,91,1,7.858737945556641,0.5225489139556885,0.7228754758834839,0.5677553415298462,359.0502624511719
451,GRU_CE_91_2_800_10.0_1.0_340.0_0.52_adam_0.0004758487565604849,91,2,9.627465963363647,0.4989103078842163,0.7063358426094055,0.5451188087463379,324.829345703125
452,GRU_CE_91_3_800_10.0_1.0_340.0_0.52_adam_0.0004758487565604849,91,3,11.25141453742981,0.42751386761665344,0.6538454294204712,0.4934416115283966,282.5685729980469
453,GRU_CE_91_4_800_10.0_1.0_340.0_0.52_adam_0.0004758487565604849,91,4,21.856962203979492,0.40332281589508057,0.6350769996643066,0.47589224576950073,252.14950561523438
454,GRU_CE_91_5_800_10.0_1.0_340.0_0.52_adam_0.0004758487565604849,91,5,14.922990560531616,0.38990435004234314,0.6244232058525085,0.4704342484474182,206.06727600097656
455,GRU_CE_92_1_800_50.0_2.0_480.0_0.58_adam_0.00034081516423560424,92,1,6.115936756134033,0.4317382276058197,0.6570678949356079,0.49289780855178833,266.2266540527344
456,GRU_CE_92_2_800_50.0_2.0_480.0_0.58_adam_0.00034081516423560424,92,2,6.606324672698975,0.4375453591346741,0.6614720821380615,0.5026437044143677,275.6737976074219
457,GRU_CE_92_3_800_50.0_2.0_480.0_0.58_adam_0.00034081516423560424,92,3,8.78550386428833,0.42041265964508057,0.648392379283905,0.4888712465763092,258.5885314941406
458,GRU_CE_92_4_800_50.0_2.0_480.0_0.58_adam_0.00034081516423560424,92,4,12.441065788269043,0.39533376693725586,0.6287556886672974,0.467253178358078,239.91603088378906
459,GRU_CE_92_5_800_50.0_2.0_480.0_0.58_adam_0.00034081516423560424,92,5,8.423600435256958,0.38470208644866943,0.6202435493469238,0.46429443359375,230.49656677246094
460,GRU_CE_93_1_800_80.0_3.0_360.0_0.53_adam_0.00037963174976295757,93,1,7.799498558044434,0.4949469268321991,0.703524649143219,0.536318302154541,327.8147888183594
461,GRU_CE_93_2_800_80.0_3.0_360.0_0.53_adam_0.00037963174976295757,93,2,8.178282976150513,0.47537606954574585,0.6894752383232117,0.5352550148963928,297.09326171875
462,GRU_CE_93_3_800_80.0_3.0_360.0_0.53_adam_0.00037963174976295757,93,3,9.637642621994019,0.43046969175338745,0.6561018824577332,0.4947625398635864,267.4144287109375
463,GRU_CE_93_4_800_80.0_3.0_360.0_0.53_adam_0.00037963174976295757,93,4,12.88587474822998,0.3938480019569397,0.6275730729103088,0.4636865556240082,240.48338317871094
464,GRU_CE_93_5_800_80.0_3.0_360.0_0.53_adam_0.00037963174976295757,93,5,9.586299896240234,0.3862815201282501,0.6215155124664307,0.45753175020217896,224.87379455566406
465,GRU_CE_94_1_800_30.0_2.0_520.0_0.67_adam_0.00036600943627573135,94,1,6.862370252609253,0.45486095547676086,0.6744337677955627,0.5138286352157593,297.236083984375
466,GRU_CE_94_2_800_30.0_2.0_520.0_0.67_adam_0.00036600943627573135,94,2,7.522903919219971,0.44600555300712585,0.6678364276885986,0.5088445544242859,270.0392150878906
467,GRU_CE_94_3_800_30.0_2.0_520.0_0.67_adam_0.00036600943627573135,94,3,11.65334415435791,0.42710185050964355,0.6535302996635437,0.4985324740409851,270.52679443359375
468,GRU_CE_94_4_800_30.0_2.0_520.0_0.67_adam_0.00036600943627573135,94,4,15.12771487236023,0.3864278197288513,0.6216331720352173,0.46377524733543396,229.32330322265625
469,GRU_CE_94_5_800_30.0_2.0_520.0_0.67_adam_0.00036600943627573135,94,5,10.524457454681396,0.3872380256652832,0.6222845315933228,0.4640767276287079,219.96815490722656
470,GRU_CE_95_1_800_20.0_2.0_280.0_0.61_adam_0.00040342021909579054,95,1,7.4426305294036865,0.4364774823188782,0.660664439201355,0.5030512809753418,270.65386962890625
471,GRU_CE_95_2_800_20.0_2.0_280.0_0.61_adam_0.00040342021909579054,95,2,9.863454580307007,0.5159938335418701,0.7183271050453186,0.5586453080177307,336.5080261230469
472,GRU_CE_95_3_800_20.0_2.0_280.0_0.61_adam_0.00040342021909579054,95,3,14.034558534622192,0.42413410544395447,0.6512557864189148,0.4913080036640167,261.6546325683594
473,GRU_CE_95_4_800_20.0_2.0_280.0_0.61_adam_0.00040342021909579054,95,4,15.522566795349121,0.3906543552875519,0.6250234842300415,0.4684993326663971,227.79437255859375
474,GRU_CE_95_5_800_20.0_2.0_280.0_0.61_adam_0.00040342021909579054,95,5,13.219348430633545,0.3827212154865265,0.618644654750824,0.4646705090999603,217.39840698242188
475,GRU_CE_96_1_800_40.0_3.0_380.0_0.44_adam_0.00041847100601970737,96,1,8.039405822753906,0.4417814314365387,0.6646664142608643,0.5001839399337769,262.6139221191406
476,GRU_CE_96_2_800_40.0_3.0_380.0_0.44_adam_0.00041847100601970737,96,2,9.018588066101074,0.5020684599876404,0.7085678577423096,0.543998122215271,329.45831298828125
477,GRU_CE_96_3_800_40.0_3.0_380.0_0.44_adam_0.00041847100601970737,96,3,10.62713885307312,0.4448585510253906,0.6669771671295166,0.5023435354232788,284.9688720703125
478,GRU_CE_96_4_800_40.0_3.0_380.0_0.44_adam_0.00041847100601970737,96,4,15.15705394744873,0.3997464179992676,0.6322550177574158,0.4698709547519684,257.3350830078125
479,GRU_CE_96_5_800_40.0_3.0_380.0_0.44_adam_0.00041847100601970737,96,5,11.550174474716187,0.38010984659194946,0.6165304780006409,0.46268320083618164,198.82235717773438
480,GRU_CE_97_1_800_10.0_3.0_400.0_0.47_adam_0.00046200991951176847,97,1,13.303280591964722,0.6782765984535217,0.823575496673584,0.6442047953605652,457.87188720703125
481,GRU_CE_97_2_800_10.0_3.0_400.0_0.47_adam_0.00046200991951176847,97,2,14.833818197250366,0.4937979280948639,0.7027075290679932,0.5500138998031616,274.4388732910156
482,GRU_CE_97_3_800_10.0_3.0_400.0_0.47_adam_0.00046200991951176847,97,3,18.37172842025757,0.44517531991004944,0.667214572429657,0.49996647238731384,302.0433349609375
483,GRU_CE_97_4_800_10.0_3.0_400.0_0.47_adam_0.00046200991951176847,97,4,23.67865800857544,0.38256195187568665,0.6185159087181091,0.45853549242019653,230.0562286376953
484,GRU_CE_97_5_800_10.0_3.0_400.0_0.47_adam_0.00046200991951176847,97,5,25.12846803665161,0.36943086981773376,0.6078082323074341,0.456007719039917,192.56724548339844
485,GRU_CE_98_1_800_10.0_2.0_160.0_0.59_adam_0.00029475315008011216,98,1,11.324398040771484,0.4973658621311188,0.7052416801452637,0.5451022982597351,335.18505859375
486,GRU_CE_98_2_800_10.0_2.0_160.0_0.59_adam_0.00029475315008011216,98,2,14.931324481964111,0.5203830599784851,0.7213758230209351,0.5584863424301147,345.30828857421875
487,GRU_CE_98_3_800_10.0_2.0_160.0_0.59_adam_0.00029475315008011216,98,3,18.26780128479004,0.45284461975097656,0.672937273979187,0.5087625980377197,293.55426025390625
488,GRU_CE_98_4_800_10.0_2.0_160.0_0.59_adam_0.00029475315008011216,98,4,34.2718300819397,0.4003775119781494,0.6327539086341858,0.4753105342388153,252.08187866210938
489,GRU_CE_98_5_800_10.0_2.0_160.0_0.59_adam_0.00029475315008011216,98,5,20.387927532196045,0.392833948135376,0.6267646551132202,0.4686882197856903,226.08401489257812
490,GRU_CE_99_1_800_20.0_1.0_120.0_0.57_adam_0.0003294086341911615,99,1,7.428818941116333,0.5696465969085693,0.7547493577003479,0.5911391973495483,387.8871765136719
491,GRU_CE_99_2_800_20.0_1.0_120.0_0.57_adam_0.0003294086341911615,99,2,15.067762851715088,0.5895681381225586,0.767833411693573,0.5940782427787781,395.2457275390625
492,GRU_CE_99_3_800_20.0_1.0_120.0_0.57_adam_0.0003294086341911615,99,3,14.261492490768433,0.44260314106941223,0.6652842164039612,0.5035147666931152,284.8085021972656
493,GRU_CE_99_4_800_20.0_1.0_120.0_0.57_adam_0.0003294086341911615,99,4,16.418603658676147,0.40487638115882874,0.6362989544868469,0.47391512989997864,254.9302978515625
494,GRU_CE_99_5_800_20.0_1.0_120.0_0.57_adam_0.0003294086341911615,99,5,10.184928894042969,0.38484835624694824,0.6203614473342896,0.46302640438079834,235.16436767578125
495,GRU_CE_100_1_800_30.0_3.0_260.0_0.49_adam_0.00018611653665568268,100,1,9.245923042297363,0.4519341289997101,0.6722604632377625,0.5114250183105469,278.84442138671875
496,GRU_CE_100_2_800_30.0_3.0_260.0_0.49_adam_0.00018611653665568268,100,2,13.02558183670044,0.5583321452140808,0.7472162842750549,0.584976315498352,362.9963684082031
497,GRU_CE_100_3_800_30.0_3.0_260.0_0.49_adam_0.00018611653665568268,100,3,14.506702661514282,0.42813941836357117,0.6543236374855042,0.4952368438243866,273.3212585449219
498,GRU_CE_100_4_800_30.0_3.0_260.0_0.49_adam_0.00018611653665568268,100,4,20.375359058380127,0.38947638869285583,0.6240804195404053,0.4647645056247711,239.98692321777344
499,GRU_CE_100_5_800_30.0_3.0_260.0_0.49_adam_0.00018611653665568268,100,5,14.292661905288696,0.38834840059280396,0.6231760382652283,0.46485283970832825,226.97250366210938
