Date,Weekly_Sales(t+1)
2010-02-12,-1.0663388818831343
2010-02-19,-1.0553080246319537
2010-02-26,-1.0260790820007213
2010-03-05,-1.077561988278527
2010-03-12,-1.0530267538504667
2010-03-19,-0.8928639275099824
2010-03-26,-0.9946775311477741
2010-04-02,-0.8874803084983168
2010-04-09,-0.8344864139633256
2010-04-16,-0.6529980780372786
2010-04-23,-0.5532670662994972
2010-04-30,-0.8936104200064047
2010-05-07,-0.7271811717278224
2010-05-14,-0.8573608472559346
2010-05-21,-0.505209281062554
2010-05-28,-0.026616288586710692
2010-06-04,0.4642954375144168
2010-06-11,0.14217395921543977
2010-06-18,0.08146245104172613
2010-06-25,0.9260791678593662
2010-07-02,1.0477940942786073
2010-07-09,1.3778968054441558
2010-07-16,0.843581780911943
2010-07-23,1.050284331521194
2010-07-30,0.8451519227519634
2010-08-06,1.2478502254774213
2010-08-13,1.0186673844698824
2010-08-20,0.4509762367707581
2010-08-27,0.7523958899988407
2010-09-03,0.5467484592747135
2010-09-10,0.8110312360098084
2010-09-17,0.29796520718970976
2010-09-24,0.03671919536469412
2010-10-01,-0.6454830011223919
2010-10-08,-0.6122926973624276
2010-10-15,-0.5297014362509413
2010-10-22,0.9085793519462518
2010-10-29,-1.0896357489140291
2010-11-05,-0.17415561175556818
2010-11-12,-1.1095036370617024
2010-11-19,-1.1601030974393494
2010-11-26,-0.9342097100163896
2010-12-03,-1.1353974749737765
2010-12-10,-1.0009188771105402
2010-12-17,-0.9190046673330181
2010-12-24,-0.2208927289583585
2010-12-31,-0.5534490278640858
2011-01-07,-0.9757824622482378
2011-01-14,-1.0236653586315834
2011-01-21,-1.1292435734378097
2011-01-28,-1.106639832084041
2011-02-04,-1.0194525947758049
2011-02-11,-1.0332784588159154
2011-02-18,-1.1121803366849632
2011-02-25,-1.0416538345768083
2011-03-04,-1.1018689670336934
2011-03-11,-0.9983366946250689
2011-03-18,-0.8417674484417802
2011-03-25,-0.8669694466241816
2011-04-01,-0.8898908169988226
2011-04-08,-0.7410886934311939
2011-04-15,-0.7785644170780266
2011-04-22,-0.92131230003729
2011-04-29,-0.8252005874057624
2011-05-06,-0.659297291635426
2011-05-13,-0.5534181651252157
2011-05-20,-0.5374544134446192
2011-05-27,-0.30186626817406664
2011-06-03,0.44933343889964766
2011-06-10,0.5466648726902736
2011-06-17,0.6193324773075467
2011-06-24,0.888884423730997
2011-07-01,1.7534526152807504
2011-07-08,2.5708085320438574
2011-07-15,1.2482250791599487
2011-07-22,1.9255798967232378
2011-07-29,1.7663538831022088
2011-08-05,1.6555373613464972
2011-08-12,1.807762677033809
2011-08-19,0.891123901220264
2011-08-26,1.2670037698149952
2011-09-02,1.2378217642657947
2011-09-09,1.6809232500146667
2011-09-16,0.9045659099456766
2011-09-23,0.8073740014536932
2011-09-30,-0.38932226849996376
2011-10-07,-0.4925639167842274
2011-10-14,-0.38307770766856547
2011-10-21,2.2833561970757073
2011-10-28,-0.7987660085897336
2011-11-04,-0.04839959546551383
2011-11-11,-1.0370482137741617
2011-11-18,-1.0148771937383017
2011-11-25,-0.4688272557244329
2011-12-02,-0.8620854181979768
2011-12-09,-0.8704717245122197
2011-12-16,-0.7501469072895892
2011-12-23,0.2656191279325896
2011-12-30,-0.33534976795329735
2012-01-06,-0.4857940464183098
2012-01-13,-0.9733121571911711
2012-01-20,-0.8835652414778902
2012-01-27,-1.0859560102774872
2012-02-03,-0.9278590585201252
2012-02-10,-0.9862134250126295
2012-02-17,-0.8952075667429361
2012-02-24,-0.9082740788120952
2012-03-02,-0.9005474635412023
2012-03-09,-0.8441901734430888
2012-03-16,-0.6764833363700268
2012-03-23,-0.5979865319486499
2012-03-30,-0.4094717791398272
2012-04-06,0.1633065766830635
2012-04-13,0.1414975508552018
2012-04-20,-0.24893152722190992
2012-04-27,0.035170914631373944
2012-05-04,0.053495022861812014
2012-05-11,-0.3101117632422141
2012-05-18,-0.20486210801021
2012-05-25,0.3437983033330943
2012-06-01,0.944461143725186
2012-06-08,0.875216731227596
2012-06-15,1.2944413876443044
2012-06-22,1.4953475301095016
2012-06-29,1.4443635714434302
2012-07-06,2.555235065415224
2012-07-13,1.441810965749376
2012-07-20,1.5143396880417335
2012-07-27,1.3803645386063166
2012-08-03,1.6458155986023928
2012-08-10,1.5284169548088908
2012-08-17,1.3170399852082615
2012-08-24,1.3952358779256544
2012-08-31,1.2784583467519144
2012-09-07,1.3778286502291506
2012-09-14,0.777187670943759
2012-09-21,0.5602560513202255
2012-09-28,-0.14456531789006433
2012-10-05,-0.3600155260478296
2012-10-12,-0.11588740374240983
2012-10-19,1.7402819414679043
2012-10-26,-0.5395415061607146
2010-02-12,1.3076141856352972
2010-02-19,1.1662276813256338
2010-02-26,0.5131042141858015
2010-03-05,1.6036558092068862
2010-03-12,0.9790437949575557
2010-03-19,1.9329607944840603
2010-03-26,1.3127104356688648
2010-04-02,0.7965199930796321
2010-04-09,-0.24655842595307986
2010-04-16,0.5473546873843758
2010-04-23,-0.05609181996878495
2010-04-30,0.563079603028493
2010-05-07,0.6651652962684788
2010-05-14,1.4511356054995632
2010-05-21,1.511877396440198
2010-05-28,4.242962380645527
2010-06-04,1.2165474113868098
2010-06-11,0.5863341133168012
2010-06-18,0.005935511520857778
2010-06-25,-0.9550749171064238
2010-07-02,-1.2695961860700047
2010-07-09,1.9988677037019598
2010-07-16,-0.9583346806414088
2010-07-23,-0.7209917567807806
2010-07-30,-1.1311710162393067
2010-08-06,-0.37772947411437496
2010-08-13,-0.12447798595977148
2010-08-20,-1.4817792449000449
2010-08-27,0.09172238708591914
2010-09-03,-0.576368445017365
2010-09-10,0.6222144682828674
2010-09-17,-0.12369747919787334
2010-09-24,0.31377656084584316
2010-10-01,-0.25636067263926743
2010-10-08,-0.508211839838701
2010-10-15,-0.71947665541945
2010-10-22,-0.05094965777275237
2010-10-29,0.4218767473686882
2010-11-05,-0.09240834047826477
2010-11-12,-0.42001457574425005
2010-11-19,-0.9520447143837618
2010-11-26,1.226418526316694
2010-12-03,1.173137461776553
2010-12-10,1.083998998351577
2010-12-17,-0.036028204971765024
2010-12-24,2.153293262151563
2010-12-31,-0.9171285148294513
2011-01-07,-0.05932862742253726
2011-01-14,-0.7474142062791445
2011-01-21,0.4067716459178427
2011-01-28,-0.8815236328381724
2011-02-04,-0.6187453709721691
2011-02-11,-0.788069426141527
2011-02-18,1.163840248877476
2011-02-25,-0.3873251160694716
2011-03-04,-0.44774552187285405
2011-03-11,-0.5184961642307662
2011-03-18,0.20074081685805592
2011-03-25,-0.10420776623166063
2011-04-01,-1.081815441589887
2011-04-08,-0.8832682950118262
2011-04-15,-1.026789714876092
2011-04-22,-0.6137868574259946
2011-04-29,-0.9552815218375141
2011-05-06,-0.48589852888091734
2011-05-13,-1.1130357120657988
2011-05-20,-0.7499623312959287
2011-05-27,-0.4299545589178307
2011-06-03,-0.5591054719306842
2011-06-10,-1.294618314613199
2011-06-17,-1.0484143433969078
2011-06-24,-1.0957956950603505
2011-07-01,-0.414275555436178
2011-07-08,-0.7010658782711544
2011-07-15,-0.40541450808051444
2011-07-22,-0.3292691866330148
2011-07-29,-0.7385531589234814
2011-08-05,-0.06355254636927862
2011-08-12,-0.48530167076887737
2011-08-19,0.5401694339586693
2011-08-26,-1.2225821317062784
2011-09-02,-0.851060913042926
2011-09-09,0.7723472395420327
2011-09-16,-0.6431706414033239
2011-09-23,0.9701138793581958
2011-09-30,0.8896528146390252
2011-10-07,0.5665459712945685
2011-10-14,0.8959657369779045
2011-10-21,-0.4636081740043654
2011-10-28,1.4661718387067113
2011-11-04,2.0700315555220534
2011-11-11,0.5584654307008031
2011-11-18,0.4900563086285843
2011-11-25,1.6678869244948287
2011-12-02,0.5914533194316015
2011-12-09,1.4266644229059442
2011-12-16,1.5151142038939502
2011-12-23,3.382591412140597
2011-12-30,0.9693333725962977
2012-01-06,-0.31179960881524316
2012-01-13,0.522034129785162
2012-01-20,-0.014059235232464823
2012-01-27,-0.2657497098632731
2012-02-03,0.24764009081562088
2012-02-10,0.049345461131114994
2012-02-17,0.5933357180926491
2012-02-24,0.10464666081969713
2012-03-02,-0.3036042878153164
2012-03-09,0.2604266280620053
2012-03-16,0.14856164421706475
2012-03-23,0.03224318061306016
2012-03-30,-0.9828058632350277
2012-04-06,-0.26343114565881204
2012-04-13,-1.114160560046181
2012-04-20,-0.020257377165182746
2012-04-27,-0.06538903286786157
2012-05-04,-1.855045125737051
2012-05-11,-1.837828064812835
2012-05-18,-0.8967664707764115
2012-05-25,-0.7139442398424684
2012-06-01,-1.0195815053691535
2012-06-08,-0.6062572627818041
2012-06-15,-0.14422021581953914
2012-06-22,-1.1054142930966793
2012-06-29,-1.0404026710468393
2012-07-06,-0.6641065874871706
2012-07-13,-0.29446776748486564
2012-07-20,-2.2147898747282397
2012-07-27,-0.2993574127873428
2012-08-03,-0.4477225657916218
2012-08-10,0.10866397503534757
2012-08-17,-0.5970059620451921
2012-08-24,-0.18790563840458357
2012-08-31,0.2292063575860935
2012-09-07,-0.5429903029056179
2012-09-14,-0.9490374677423322
2012-09-21,-0.7661004564022272
2012-09-28,-0.4302989001363152
2012-10-05,-0.8765421632107656
2012-10-12,-0.8416948319001519
2012-10-19,0.7229687088113806
2012-10-26,0.7465446042369406
2010-02-12,1.8452374663016482
2010-02-19,1.0732534445101662
2010-02-26,1.2758823001691493
2010-03-05,1.3630212613642045
2010-03-12,1.5644192818040088
2010-03-19,1.2801172077876783
2010-03-26,0.820890501350822
2010-04-02,0.8016143701216548
2010-04-09,0.0325926975017551
2010-04-16,0.5751406897928253
2010-04-23,0.4639482877890801
2010-04-30,0.4177189514212939
2010-05-07,0.46901765996298456
2010-05-14,-0.29284847909457273
2010-05-21,-0.32641481583453996
2010-05-28,-0.3222842162854327
2010-06-04,-0.5566644482764421
2010-06-11,-0.9348646463863669
2010-06-18,-1.1038228572359605
2010-06-25,-0.6522106398669024
2010-07-02,-1.0382130815695854
2010-07-09,-1.4000160511663875
2010-07-16,-1.035396763695194
2010-07-23,-1.2450142600054441
2010-07-30,-1.1191978666687485
2010-08-06,-1.0147020427218891
2010-08-13,-0.8377538337545781
2010-08-20,-1.227219303362068
2010-08-27,-1.1015906645503317
2010-09-03,-1.0683163904047457
2010-09-10,-0.5847859037925864
2010-09-17,-0.5046355832487983
2010-09-24,-0.4658121198099674
2010-10-01,-0.5218046914756431
2010-10-08,-0.4221696235638443
2010-10-15,0.6887739006210432
2010-10-22,0.9470406805096674
2010-10-29,2.4412329133645003
2010-11-05,0.5780821773505231
2010-11-12,0.4355764929063235
2010-11-19,1.1570962707114896
2010-11-26,0.9109292268758057
2010-12-03,1.234743197589152
2010-12-10,2.4634505321513642
2010-12-17,1.6387074888462863
2010-12-24,1.7648993912329003
2010-12-31,-0.4295337732650304
2011-01-07,0.6083732407106428
2011-01-14,0.46922627610182815
2011-01-21,0.527513625294786
2011-01-28,0.7117633991216299
2011-02-04,0.8450065270011652
2011-02-11,1.3222159446063575
2011-02-18,1.2039931787235758
2011-02-25,0.9611431314955082
2011-03-04,1.1626663216186193
2011-03-11,0.7997994097137135
2011-03-18,0.09597028048250174
2011-03-25,0.07594313115349666
2011-04-01,0.08564378160973354
2011-04-08,-0.5302536450988169
2011-04-15,0.08078302557467268
2011-04-22,0.46428207361123036
2011-04-29,0.4363066493922766
2011-05-06,0.033552331740436654
2011-05-13,-0.268002296958276
2011-05-20,-0.4521477627156981
2011-05-27,-0.5423742427656416
2011-06-03,-0.4042703588510464
2011-06-10,-0.706805483402325
2011-06-17,-1.074658321025597
2011-06-24,-1.1394962169782503
2011-07-01,-1.132945670218555
2011-07-08,-1.063726835350182
2011-07-15,-1.3523681250544637
2011-07-22,-1.10787001032953
2011-07-29,-1.0114893541836947
2011-08-05,-0.9148374970573621
2011-08-12,-0.9823248179733314
2011-08-19,-0.8415297858676508
2011-08-26,-1.0407581984634797
2011-09-02,-1.3077659945696591
2011-09-09,-0.9167776271486096
2011-09-16,-0.9858504307197915
2011-09-23,-0.8353547481578742
2011-09-30,-0.344585281527835
2011-10-07,-0.3139812939594494
2011-10-14,0.32818090462953525
2011-10-21,0.7153098734819746
2011-10-28,1.232344111992448
2011-11-04,1.754677200429554
2011-11-11,0.9178552826854197
2011-11-18,0.8427534727016518
2011-11-25,0.27763321418768255
2011-12-02,0.6283795284257631
2011-12-09,1.8517671514474594
2011-12-16,1.6697287086923591
2011-12-23,2.394440313421835
2011-12-30,-0.08302236664547895
2012-01-06,-0.08567179160879518
2012-01-13,0.7985685744945353
2012-01-20,0.29119326321252953
2012-01-27,0.2915061874207949
2012-02-03,0.6398325544482877
2012-02-10,0.7498358444606233
2012-02-17,0.7258867117213551
2012-02-24,0.5848830634768309
2012-03-02,0.6191169718610987
2012-03-09,0.20340759198705868
2012-03-16,0.07886375709731004
2012-03-23,0.07508780498423738
2012-03-30,-0.008024864731132796
2012-04-06,0.18235822357771897
2012-04-13,0.19437451317512183
2012-04-20,-0.1327981773736094
2012-04-27,-0.2841700477186705
2012-05-04,0.04383710738543612
2012-05-11,-0.6663339524666276
2012-05-18,-0.15136501373070776
2012-05-25,-0.8273647500401569
2012-06-01,-0.8316205192725703
2012-06-08,-0.7981584906020249
2012-06-15,-0.8177475460394577
2012-06-22,-1.0310784096211274
2012-06-29,-1.1567487716606324
2012-07-06,-1.387519944449644
2012-07-13,-1.1232032965345493
2012-07-20,-1.0207101875205904
2012-07-27,-1.2437208399446125
2012-08-03,-1.3525976028071918
2012-08-10,-1.1376186717286558
2012-08-17,-1.1733546163125987
2012-08-24,-1.6584705855799713
2012-08-31,-1.5349489697705572
2012-09-07,-1.0399654571358732
2012-09-14,-0.687279012806545
2012-09-21,-0.9021119125878903
2012-09-28,-0.4523772404684266
2012-10-05,-0.12405716115605407
2012-10-12,-0.757916437419056
2012-10-19,1.3439537462738815
2012-10-26,3.4204770690972963
2010-02-12,0.7892750348566935
2010-02-19,0.5684542049629518
2010-02-26,0.06759808867709251
2010-03-05,0.8707327928237539
2010-03-12,0.22776198094179087
2010-03-19,-0.2682636418098615
2010-03-26,-1.328426664399017
2010-04-02,-0.9052402779009457
2010-04-09,-0.8677115251232642
2010-04-16,-0.2557237533252009
2010-04-23,-0.1101543760296009
2010-04-30,-0.5980281621394599
2010-05-07,-0.9191741607555796
2010-05-14,-0.5362863332398737
2010-05-21,-0.8237825199338854
2010-05-28,-0.9521087929574398
2010-06-04,-0.5877550297172749
2010-06-11,-1.0095777260708083
2010-06-18,-0.8632992299000486
2010-06-25,-1.1538379608276517
2010-07-02,0.5086457856460663
2010-07-09,-0.6329810557552367
2010-07-16,-0.37504361054971835
2010-07-23,-0.3018831495065352
2010-07-30,0.17052335994172207
2010-08-06,0.2935706368946438
2010-08-13,0.13795843929015858
2010-08-20,0.598909951524297
2010-08-27,2.605243622309418
2010-09-03,1.4977757038175168
2010-09-10,-0.21337662870348523
2010-09-17,-0.622992783052133
2010-09-24,-0.9798795851453175
2010-10-01,-1.0209478714537101
2010-10-08,-0.4608469944440394
2010-10-15,-0.6642731989385652
2010-10-22,-0.6998261162179383
2010-10-29,-0.554232495541991
2010-11-05,-0.8097395418676889
2010-11-12,-0.8110911103220528
2010-11-19,-0.9148830824341
2010-11-26,1.872681398353861
2010-12-03,-0.7844779395457611
2010-12-10,-1.0191902263785282
2010-12-17,-0.5891005373265524
2010-12-24,1.3592247851324715
2010-12-31,1.2941010046744303
2011-01-07,2.261587645040794
2011-01-14,-0.2312197566391274
2011-01-21,-0.6496120146735118
2011-01-28,-1.2032217265951823
2011-02-04,-1.0965205488414544
2011-02-11,0.6915075427609606
2011-02-18,1.8351647672663522
2011-02-25,1.0805350063496308
2011-03-04,0.6415843617807013
2011-03-11,0.6295232800579001
2011-03-18,-0.549001986232053
2011-03-25,0.051433814830503875
2011-04-01,0.06790113093143425
2011-04-08,0.18825739266580102
2011-04-15,0.37002819766506545
2011-04-22,-0.36594022122929215
2011-04-29,-0.7586829828561922
2011-05-06,0.06422825880881264
2011-05-13,-1.1020480395606478
2011-05-20,-1.385156174411791
2011-05-27,-1.0728529487773641
2011-06-03,0.21677366879935864
2011-06-10,-0.34678188990980785
2011-06-17,-0.6965956857866554
2011-06-24,-1.6456331137086935
2011-07-01,-1.293516196698848
2011-07-08,-0.6872195584373223
2011-07-15,-1.3503851061486196
2011-07-22,-1.147698324754688
2011-07-29,0.10553897892067901
2011-08-05,1.0445699516043525
2011-08-12,0.5850669813459661
2011-08-19,0.5127914036854604
2011-08-26,3.022484319777303
2011-09-02,0.40649024170746395
2011-09-09,0.9542391164301651
2011-09-16,-0.8551595149484292
2011-09-23,-0.09575986894836809
2011-09-30,-0.04829133022827758
2011-10-07,0.3362753513764818
2011-10-14,-0.3527154572498186
2011-10-21,-0.9014280063413267
2011-10-28,-0.7740593468414921
2011-11-04,-0.6375327504154498
2011-11-11,-0.4186816951749294
2011-11-18,-1.1612564352139374
2011-11-25,3.160265511136321
2011-12-02,0.8557018970084039
2011-12-09,-0.698929111145087
2011-12-16,0.3248021716271032
2011-12-23,1.9020340711094026
2011-12-30,1.8495410918123254
2012-01-06,3.032339253888497
2012-01-13,1.501757679039567
2012-01-20,0.848162205720381
2012-01-27,0.24170798548659803
2012-02-03,0.5950491932039839
2012-02-10,0.8127305053427449
2012-02-17,1.6306597323463712
2012-02-24,1.302883169205254
2012-03-02,1.8968156834896372
2012-03-09,1.2986284559542955
2012-03-16,0.41098132791680847
2012-03-23,0.1684141858515038
2012-03-30,-0.2795549962066355
2012-04-06,0.014456598955724211
2012-04-13,-1.0904475820644457
2012-04-20,-1.3871623141355336
2012-04-27,-1.3760830893167997
2012-05-04,-0.14623458683152815
2012-05-11,-0.39429285454550606
2012-05-18,-1.0150991559449147
2012-05-25,-0.7357245016672616
2012-06-01,0.2998617940947779
2012-06-08,-0.5535961068078739
2012-06-15,-0.5728574724938349
2012-06-22,-0.10486325826879322
2012-06-29,-0.3570368397967325
2012-07-06,0.36234304609495865
2012-07-13,-0.5664026724763553
2012-07-20,0.772959239882934
2012-07-27,0.5229433192059088
2012-08-03,0.25250235058625065
2012-08-10,0.5903762816420336
2012-08-17,0.47598389147311243
2012-08-24,2.3747072577414796
2012-08-31,1.2488386135659475
2012-09-07,-0.33917552932582945
2012-09-14,-0.37100708772188645
2012-09-21,-0.6318901036396068
2012-09-28,-0.39251702693506324
2012-10-05,-0.43660967494178693
2012-10-12,-0.9023250114141785
2012-10-19,-1.0930658671419586
2012-10-26,0.07956825772359137
2010-02-12,-0.7061277914525261
2010-02-19,-0.5573376643794367
2010-02-26,-0.8594398873446228
2010-03-05,-0.6970185251453428
2010-03-12,-0.5654180041472159
2010-03-19,-0.8556998210347261
2010-03-26,-0.9255851648777326
2010-04-02,-0.3811931986129479
2010-04-09,-0.694560533967878
2010-04-16,-0.8227517150437739
2010-04-23,-0.6972308433201405
2010-04-30,-0.7760560072346746
2010-05-07,-0.28727098755775493
2010-05-14,-0.4127673610304502
2010-05-21,-0.5356628368618741
2010-05-28,-0.547411789707647
2010-06-04,-0.24156541739074086
2010-06-11,-0.23701486727897214
2010-06-18,-0.1605517430590621
2010-06-25,-0.3645711353513868
2010-07-02,-0.3243858377291111
2010-07-09,-0.06935292089983112
2010-07-16,-0.18233885422675786
2010-07-23,-0.388687621879122
2010-07-30,-0.09489847206562768
2010-08-06,-0.07851526675071394
2010-08-13,-0.36584708592108417
2010-08-20,-0.3786188407435265
2010-08-27,-0.35743601976563916
2010-09-03,-0.35665820029835177
2010-09-10,-0.28373915638083286
2010-09-17,-0.3851680398276689
2010-09-24,-0.540484909254874
2010-10-01,-0.18311463217313406
2010-10-08,-0.10522040179425111
2010-10-15,-0.26884421981041384
2010-10-22,-0.19311196007682646
2010-10-29,-0.5508374617971705
2010-11-05,-0.2806585013253556
2010-11-12,0.3941744020598157
2010-11-19,-0.5963286722684755
2010-11-26,0.1938807854310072
2010-12-03,0.5824271283525041
2010-12-10,1.4591011212174128
2010-12-17,2.213104205551164
2010-12-24,5.838551365391845
2010-12-31,-0.3193208243476403
2011-01-07,-0.6702113140562298
2011-01-14,-0.8441570618010164
2011-01-21,-0.922431015069441
2011-01-28,-0.8425748830945916
2011-02-04,-0.5169216748941594
2011-02-11,-0.5235341611265591
2011-02-18,-0.11454606931805503
2011-02-25,-0.466175589596613
2011-03-04,-0.3167362588736614
2011-03-11,-0.639633413843547
2011-03-18,-0.5994338255748908
2011-03-25,-0.8572411693229207
2011-04-01,-0.6875417850740867
2011-04-08,-0.5596731643022107
2011-04-15,-0.6560880723903639
2011-04-22,-0.41843054003899477
2011-04-29,-0.522329663788765
2011-05-06,-0.531506300286028
2011-05-13,-0.7593298264066262
2011-05-20,-0.6655627709407084
2011-05-27,-0.5345808307787705
2011-06-03,-0.0901641850718226
2011-06-10,-0.2767918607189447
2011-06-17,-0.14260064968410424
2011-06-24,0.10548088844146448
2011-07-01,0.2973205669756864
2011-07-08,0.6093547891753969
2011-07-15,-0.17313159491582183
2011-07-22,-0.13464075965010444
2011-07-29,0.07555219187864379
2011-08-05,0.29150631541968924
2011-08-12,0.06083690914843841
2011-08-19,-0.0733338866772868
2011-08-26,0.6747508285339799
2011-09-02,0.522847382070829
2011-09-09,0.3793427526376536
2011-09-16,-0.24394583077356818
2011-09-23,-0.1997203632674027
2011-09-30,-0.1631750974303599
2011-10-07,0.2813946623449521
2011-10-14,-0.13299121075359974
2011-10-21,-0.23593694423769207
2011-10-28,-0.24120202666849094
2011-11-04,0.1576887027116562
2011-11-11,0.3970406974195836
2011-11-18,0.05157657029380293
2011-11-25,0.961068011811327
2011-12-02,0.9680214320359498
2011-12-09,2.0666434538381138
2011-12-16,3.106796316734467
2011-12-23,7.4288104115843145
2011-12-30,1.9929200506814573
2012-01-06,-0.22872629237821818
2012-01-13,-0.6031248953829113
2012-01-20,-0.7251976382869946
2012-01-27,-0.7702989182642
2012-02-03,-0.2527427443812895
2012-02-10,0.19180251714308413
2012-02-17,0.19635510877576406
2012-02-24,-0.01760240731381889
2012-03-02,-0.41530293000255275
2012-03-09,-0.010920509370427992
2012-03-16,-0.017400296743578878
2012-03-23,-0.24030579898833565
2012-03-30,0.052344182156532894
2012-04-06,0.6873368049534747
2012-04-13,-0.008205286558112217
2012-04-20,-0.24034050484383143
2012-04-27,-0.30823536579811006
2012-05-04,-0.019774585563671884
2012-05-11,-0.20186191870358303
2012-05-18,-0.23182327960098756
2012-05-25,-0.1028522375368928
2012-06-01,0.2649359207563121
2012-06-08,0.2975553418805106
2012-06-15,-0.14259452512136955
2012-06-22,0.0862456784131634
2012-06-29,-0.02776918145316746
2012-07-06,0.9206173164705544
2012-07-13,0.37108275902966115
2012-07-20,0.2814334512422706
2012-07-27,0.19258033661037152
2012-08-03,0.38672489225369444
2012-08-10,0.25915229201398804
2012-08-17,0.3330778057408843
2012-08-24,0.13623435945253734
2012-08-31,-0.05715279193261344
2012-09-07,0.36414158793050766
2012-09-14,-0.03872194114344928
2012-09-21,0.07542357606121845
2012-09-28,-0.050301447753566375
2012-10-05,0.5579186698097579
2012-10-12,0.5476191968111609
2012-10-19,0.21405101203678248
2012-10-26,0.4801489722064775
2010-02-12,0.09682824200260108
2010-02-19,0.5605960735644596
2010-02-26,-0.27226445591202736
2010-03-05,-0.1259622145932911
2010-03-12,0.1857604357698015
2010-03-19,-0.026050039805463398
2010-03-26,-0.1783707803734727
2010-04-02,-0.03039822533962931
2010-04-09,-0.0752903794018292
2010-04-16,-0.3792422555522538
2010-04-23,-0.35298498047577015
2010-04-30,-0.4916266713295357
2010-05-07,-0.2209213863595876
2010-05-14,-0.2992325328486624
2010-05-21,-0.16234594320823256
2010-05-28,-0.06577015647570744
2010-06-04,-0.3615894984210211
2010-06-11,-0.20680992040437712
2010-06-18,-0.1297564551390292
2010-06-25,-0.2170889914396466
2010-07-02,-0.2069964529004804
2010-07-09,-0.3243112616997661
2010-07-16,-0.20840251224610773
2010-07-23,-0.5032906048358754
2010-07-30,0.019684336739142536
2010-08-06,-0.4815242409155762
2010-08-13,-0.001995826557957386
2010-08-20,-0.3254827423002938
2010-08-27,-0.6372915932865856
2010-09-03,-0.5133308577511339
2010-09-10,-0.564784151051271
2010-09-17,0.3153185593133234
2010-09-24,-0.18264407028420335
2010-10-01,-0.5118993621560378
2010-10-08,-0.34786946808263347
2010-10-15,-0.43530657563106634
2010-10-22,-0.3131814894322678
2010-10-29,0.01946247611877726
2010-11-05,-0.28379131629623044
2010-11-12,1.4627590778432127
2010-11-19,0.7903829118891966
2010-11-26,3.9303649669197585
2010-12-03,0.8168436769614295
2010-12-10,1.75832264416887
2010-12-17,2.776166884781034
2010-12-24,5.499203591021613
2010-12-31,0.5680234584093009
2011-01-07,-0.18838135766435096
2011-01-14,-0.37499581501596224
2011-01-21,-0.5059614110300821
2011-01-28,-0.409648465542066
2011-02-04,-0.35546218854902106
2011-02-11,-0.2841502500387323
2011-02-18,0.1687633686248713
2011-02-25,-0.22778493434120758
2011-03-04,-0.31204109758109055
2011-03-11,-0.1552181408571329
2011-03-18,-0.12122824594218402
2011-03-25,-0.019996212431928242
2011-04-01,-0.09331902777520949
2011-04-08,-0.219744253259178
2011-04-15,-0.3754550806313681
2011-04-22,-0.04291427320316818
2011-04-29,-0.06284498778681431
2011-05-06,-0.5312181936274661
2011-05-13,-0.45512706646701495
2011-05-20,-0.23275348173741425
2011-05-27,-0.35624082040775545
2011-06-03,-0.34196543195596923
2011-06-10,-0.5459415426948945
2011-06-17,-0.4348402443908081
2011-06-24,-0.43233618694311804
2011-07-01,-0.4933648150432258
2011-07-08,-0.5040353216953182
2011-07-15,-0.13587669938617683
2011-07-22,-0.38227764798884434
2011-07-29,-0.5213107744594329
2011-08-05,-0.5915854792413895
2011-08-12,-0.46567604437164617
2011-08-19,-0.5739609846095663
2011-08-26,-0.5866706305940609
2011-09-02,0.02818428343657802
2011-09-09,-0.2319663711288571
2011-09-16,-0.5089826722169678
2011-09-23,-0.16242649133154988
2011-09-30,-0.26476924106860295
2011-10-07,-0.2750045052297876
2011-10-14,-0.38703705288942
2011-10-21,-0.22261007069931085
2011-10-28,0.3256485028475303
2011-11-04,-0.17086284740531393
2011-11-11,2.45380622964017
2011-11-18,0.5738073789134744
2011-11-25,4.9190988331400405
2011-12-02,0.5784381894417363
2011-12-09,1.2901387970742624
2011-12-16,2.4108585355373506
2011-12-23,5.17755515086587
2011-12-30,0.9905859789569412
2012-01-06,-0.11523235669243852
2012-01-13,-0.518436478269477
2012-01-20,-0.285813498128987
2012-01-27,-0.5439094689873446
2012-02-03,-0.4402553392776864
2012-02-10,-0.23942484472304904
2012-02-17,0.4302564919122623
2012-02-24,-0.09783537518086283
2012-03-02,-0.1815291146824948
2012-03-09,-0.2423330559122963
2012-03-16,-0.16071237074235808
2012-03-23,-0.369094605139239
2012-03-30,-0.4328590431821955
2012-04-06,-0.10050759450003996
2012-04-13,-0.4586188982690704
2012-04-20,-0.505822924782975
2012-04-27,-0.4856971989534028
2012-05-04,-0.5767773426757324
2012-05-11,-0.4972819974613956
2012-05-18,-0.052595592375924795
2012-05-25,-0.3391024407657773
2012-06-01,-0.2581063568327911
2012-06-08,-0.42030908031936515
2012-06-15,-0.5494291351220383
2012-06-22,-0.3786190674402723
2012-06-29,-0.44152856487608866
2012-07-06,-0.44962859720687837
2012-07-13,-0.22990886117183856
2012-07-20,-0.4965810874760377
2012-07-27,-0.37130473259306923
2012-08-03,-0.6049635333369211
2012-08-10,-0.5167336626800489
2012-08-17,-0.445995452907775
2012-08-24,-0.5229839144244809
2012-08-31,0.2915808860592051
2012-09-07,-0.4039733556606195
2012-09-14,-0.5076486822448348
2012-09-21,-0.3586629166071576
2012-09-28,-0.3915717709196894
2012-10-05,-0.3572271816371502
2012-10-12,-0.4278806039111955
2012-10-19,-0.372402730695132
2012-10-26,-0.17633870666592286
2010-02-12,-1.1206363987236292
2010-02-19,-0.32853101269126056
2010-02-26,-0.895712287102258
2010-03-05,0.6340377527267368
2010-03-12,-0.5528757548207621
2010-03-19,-0.5957276390897835
2010-03-26,0.7373371873141521
2010-04-02,-0.45041318727715923
2010-04-09,0.6424278812941813
2010-04-16,-0.8869359122068999
2010-04-23,-0.04373872024336523
2010-04-30,0.5508231271908018
2010-05-07,0.14406282763969394
2010-05-14,-0.6711315055501427
2010-05-21,0.2077720136160211
2010-05-28,-0.0792948405406964
2010-06-04,0.07082623224151222
2010-06-11,0.4062597099046759
2010-06-18,0.4468799487235312
2010-06-25,0.6371277233500404
2010-07-02,2.8154068058743884
2010-07-09,1.3405252027383765
2010-07-16,0.4135983901350222
2010-07-23,0.10166156408657112
2010-07-30,0.8328473209553184
2010-08-06,1.0921688138902805
2010-08-13,-0.5137146687962437
2010-08-20,-0.13321911954322524
2010-08-27,-0.7788083985205725
2010-09-03,0.7908108456007803
2010-09-10,-0.2670749302944286
2010-09-17,-0.8046439862320902
2010-09-24,-0.41610163848088305
2010-10-01,-0.3601173790628178
2010-10-08,0.3013723737469519
2010-10-15,0.4402064705023674
2010-10-22,-0.8140426468779749
2010-10-29,-0.19613435473439605
2010-11-05,0.644123073511133
2010-11-12,-0.9974238201193635
2010-11-19,0.00879078035280972
2010-11-26,-1.644021631175151
2010-12-03,-1.05295745882153
2010-12-10,-0.8633534280748754
2010-12-17,-1.7012290039649403
2010-12-24,-0.4274100726370032
2010-12-31,-2.3137083893884083
2011-01-07,0.1548348085626035
2011-01-14,-0.8203727950298829
2011-01-21,-0.5319755368548005
2011-01-28,-0.9669318183435603
2011-02-04,0.19137800280904393
2011-02-11,-1.594110022357052
2011-02-18,-0.7572858948040843
2011-02-25,-1.1722002835000218
2011-03-04,-0.5636262776143427
2011-03-11,-0.9898061842077445
2011-03-18,-1.5154874364974165
2011-03-25,-0.5442710449600319
2011-04-01,-0.5409021186554575
2011-04-08,-0.9446153638419168
2011-04-15,-1.2956703596562293
2011-04-22,-1.5623090746922108
2011-04-29,-0.14077238106685735
2011-05-06,-0.009663210869703832
2011-05-13,-1.196254846477274
2011-05-20,-0.2165195775964741
2011-05-27,0.009413066103336235
2011-06-03,-0.8999180804506448
2011-06-10,-0.865048620291827
2011-06-17,0.3513054406943779
2011-06-24,-0.5805138253958745
2011-07-01,-1.0869471356778786
2011-07-08,-0.2239870066027923
2011-07-15,-0.5598281887231967
2011-07-22,-1.1602910217227032
2011-07-29,-0.17398956526738135
2011-08-05,0.7321872362753101
2011-08-12,-1.565785291643428
2011-08-19,0.1045154952872619
2011-08-26,-0.5680466522560133
2011-09-02,0.4830368966420599
2011-09-09,-0.7496682588924652
2011-09-16,-0.8444488161364642
2011-09-23,-0.37912928164787096
2011-09-30,-0.6856801172348692
2011-10-07,-1.1551839869425191
2011-10-14,-0.5896335303604884
2011-10-21,-1.136236458745451
2011-10-28,0.07775720801461977
2011-11-04,0.8465590655962326
2011-11-11,-1.0657465039013172
2011-11-18,-0.3671985617412243
2011-11-25,-0.4105439829848004
2011-12-02,0.2281357783487702
2011-12-09,-1.1219238864833392
2011-12-16,-0.8686321278896872
2011-12-23,0.17594960782184904
2011-12-30,-1.0384088471368045
2012-01-06,1.158002354670129
2012-01-13,0.2166127628993642
2012-01-20,0.00842599215422501
2012-01-27,0.22583975851061902
2012-02-03,0.9949420299028316
2012-02-10,1.8011239487746993
2012-02-17,-1.2183138034269758
2012-02-24,-0.2493719735984134
2012-03-02,0.7766055639853113
2012-03-09,0.7192050680315653
2012-03-16,-1.063386109675182
2012-03-23,-0.08277105749191369
2012-03-30,0.5886538091969533
2012-04-06,0.9558882345249562
2012-04-13,-1.1513000655340602
2012-04-20,2.2217461998720185
2012-04-27,0.9706085112443107
2012-05-04,1.0491881808452892
2012-05-11,1.4529014260317477
2012-05-18,0.4001656011753807
2012-05-25,0.06756459658358074
2012-06-01,0.6182445695409592
2012-06-08,0.42085123784805656
2012-06-15,-0.03296673932045763
2012-06-22,-0.07536800287358046
2012-06-29,0.9584417519150492
2012-07-06,2.9032134710866235
2012-07-13,2.4418851486531334
2012-07-20,2.5323526219021026
2012-07-27,0.8374179025022899
2012-08-03,2.0965809314988593
2012-08-10,1.7049486131243465
2012-08-17,0.999534069579132
2012-08-24,0.9041526847139356
2012-08-31,-0.11326305926771683
2012-09-07,1.625167288280973
2012-09-14,0.24555977936351459
2012-09-21,-0.3672200198705513
2012-09-28,1.2026996380614012
2012-10-05,1.5154304148950066
2012-10-12,2.2561221230562816
2012-10-19,0.2761161555273027
2012-10-26,0.7342472166908465
2010-02-12,-0.19737619355623431
2010-02-19,-0.3322961778393975
2010-02-26,-0.22253431537575705
2010-03-05,-0.3846933353497846
2010-03-12,-0.45731913273447466
2010-03-19,-0.9723231110177935
2010-03-26,-0.38278371621785245
2010-04-02,-0.7045259908251618
2010-04-09,-0.6837390569853768
2010-04-16,-0.6682686043168844
2010-04-23,-0.47683404452790606
2010-04-30,-0.8553192876269093
2010-05-07,-0.5291899644158427
2010-05-14,-0.5865102596218419
2010-05-21,-0.6779277243446802
2010-05-28,-0.615557406450914
2010-06-04,-0.6663240918121099
2010-06-11,-0.9534172471867058
2010-06-18,-0.8211364707403656
2010-06-25,-0.8811498999048534
2010-07-02,-0.9083921077205214
2010-07-09,-0.27020500692837235
2010-07-16,0.09408497767329574
2010-07-23,0.5070607337648186
2010-07-30,1.1541456446318341
2010-08-06,1.959329255723918
2010-08-13,1.2118085293166512
2010-08-20,2.414183403476182
2010-08-27,3.031352005317864
2010-09-03,0.1373939976205846
2010-09-10,-0.6224821548977705
2010-09-17,-0.7589342754612047
2010-09-24,-0.44483999375603517
2010-10-01,-0.7218204152558816
2010-10-08,-0.424262420153306
2010-10-15,-0.3927917699740743
2010-10-22,-0.4514380133480927
2010-10-29,-0.7734689513125544
2010-11-05,-0.4181148422833986
2010-11-12,-0.626488548525063
2010-11-19,-0.6473198921121021
2010-11-26,-0.34833761297258714
2010-12-03,-0.24655998864029724
2010-12-10,-0.3991265032074103
2010-12-17,-0.17708093906104974
2010-12-24,-0.1274530465044446
2010-12-31,-0.8683852696940654
2011-01-07,0.028352207487423592
2011-01-14,-0.302252983821909
2011-01-21,-0.14246354107637552
2011-01-28,-0.034189405145751695
2011-02-04,-0.428084830541974
2011-02-11,-0.43069548925556195
2011-02-18,-0.4901855178274107
2011-02-25,-0.5721500506347053
2011-03-04,-0.505659142620707
2011-03-11,-0.45385834457344826
2011-03-18,-0.8893910801453174
2011-03-25,-0.3458982489984083
2011-04-01,-0.6931317185296472
2011-04-08,-0.5036860809926976
2011-04-15,-0.561149121814871
2011-04-22,-0.7561237728849725
2011-04-29,-0.6623272145592288
2011-05-06,-0.4618616154536218
2011-05-13,-0.6025770717534625
2011-05-20,-0.3640301143773508
2011-05-27,-0.7974058050825857
2011-06-03,-0.4705722701650592
2011-06-10,-0.11429824494278028
2011-06-17,-0.5862247683894932
2011-06-24,-0.6973950542660535
2011-07-01,-0.7714292750636634
2011-07-08,-0.5724228533678383
2011-07-15,0.03206359350795585
2011-07-22,0.7037546764786197
2011-07-29,1.222441491659236
2011-08-05,2.563663440609126
2011-08-12,2.774739797183691
2011-08-19,3.8703663274432616
2011-08-26,3.6318447470655806
2011-09-02,0.6180343479035388
2011-09-09,-0.12754186599895329
2011-09-16,-0.2924162248050964
2011-09-23,-0.27560396334456533
2011-09-30,-0.3777051444068505
2011-10-07,-0.2937707220963506
2011-10-14,-0.5098907571090747
2011-10-21,-0.4167635171169483
2011-10-28,-0.3392463032846849
2011-11-04,-0.20177275853440327
2011-11-11,-0.28468258453325207
2011-11-18,-0.4666134584098247
2011-11-25,-0.35759070102548696
2011-12-02,-0.2515592573312021
2011-12-09,-0.12716438314729214
2011-12-16,-0.048327565396617304
2011-12-23,0.07093481085462507
2011-12-30,-0.49887079554041713
2012-01-06,0.07492217173309432
2012-01-13,-0.006163682503527073
2012-01-20,0.05492509696947405
2012-01-27,-0.06880680313042623
2012-02-03,0.010093457116326022
2012-02-10,-0.008504710608785953
2012-02-17,0.03896930920598891
2012-02-24,-0.09509737350493211
2012-03-02,-0.18498904619710715
2012-03-09,-0.14935656827519309
2012-03-16,-0.5266617809471553
2012-03-23,-0.26112321361488167
2012-03-30,-0.41368972818199473
2012-04-06,-0.46976655046487525
2012-04-13,-0.39917091295466434
2012-04-20,-0.1725384563419026
2012-04-27,-0.16435120222310454
2012-05-04,-0.10374775784509603
2012-05-11,0.019375094292460756
2012-05-18,0.036089019884071545
2012-05-25,-0.02330901706846488
2012-06-01,-0.29085871152639436
2012-06-08,-0.13151019412859916
2012-06-15,-0.09997610145329001
2012-06-22,0.11994096694967095
2012-06-29,-0.671269434381349
2012-07-06,-0.286519244794695
2012-07-13,1.0780939524589603
2012-07-20,1.4048069466339392
2012-07-27,1.2130932398622203
2012-08-03,2.374014787084729
2012-08-10,2.6042920150971414
2012-08-17,2.4058311988675825
2012-08-24,3.3912454249413626
2012-08-31,4.012915271879741
2012-09-07,0.39378415701848607
2012-09-14,0.16198113697541
2012-09-21,-0.11345445974494961
2012-09-28,-0.21657389286927825
2012-10-05,0.031857405395703885
2012-10-12,-0.15837174696780237
2012-10-19,-0.15983092437758442
2012-10-26,-0.24697553698960453
2010-02-12,0.04710871607617978
2010-02-19,-0.20229590490818197
2010-02-26,-0.4057706374039051
2010-03-05,-0.28391883189010536
2010-03-12,-0.39953142991351204
2010-03-19,-0.385993265150009
2010-03-26,-0.23995031276372009
2010-04-02,-0.1872957293187841
2010-04-09,-0.5186034729082484
2010-04-16,-0.39578346667673076
2010-04-23,-0.5752612472863265
2010-04-30,-0.6139365659273093
2010-05-07,-0.4855459378013013
2010-05-14,-0.5461736125434314
2010-05-21,-0.6675177368785997
2010-05-28,-0.6109958989909747
2010-06-04,-0.7193677982371799
2010-06-11,-0.45566487782841375
2010-06-18,-0.6775076818198651
2010-06-25,-0.7418888682269581
2010-07-02,-0.3329558401605313
2010-07-09,-0.7593830622840587
2010-07-16,-0.29246618550411196
2010-07-23,-0.026521700109913147
2010-07-30,0.14265264936614772
2010-08-06,0.8976855305546201
2010-08-13,1.1876158709785827
2010-08-20,1.7546818764393615
2010-08-27,3.7964174466915246
2010-09-03,4.68722036548775
2010-09-10,0.9066878552795317
2010-09-17,-0.10351446377415474
2010-09-24,-0.49540272046620415
2010-10-01,-0.5323802200835672
2010-10-08,-0.5910271059648077
2010-10-15,-0.3722220664028718
2010-10-22,-0.506222155420643
2010-10-29,-0.7005724977714559
2010-11-05,-0.5118482615969512
2010-11-12,-0.38300821078822017
2010-11-19,-0.4498723188066526
2010-11-26,0.3624952449980733
2010-12-03,-0.009102409833266543
2010-12-10,0.4007266893845153
2010-12-17,0.6959308107952437
2010-12-24,1.7038832422212253
2010-12-31,-0.5919703387557076
2011-01-07,-0.03182599745167905
2011-01-14,-0.1873317941019656
2011-01-21,-0.023694775951304738
2011-01-28,-0.15035152027051185
2011-02-04,0.3480887512241242
2011-02-11,-0.25346350960040515
2011-02-18,-0.4708093125505371
2011-02-25,-0.44570544924214806
2011-03-04,-0.4910055911321564
2011-03-11,-0.4868636894944701
2011-03-18,-0.6027592573551466
2011-03-25,-0.5980569644711021
2011-04-01,-0.6716762838008314
2011-04-08,-0.4627252526897078
2011-04-15,-0.5381838759616918
2011-04-22,-0.5369077374798862
2011-04-29,-0.6487557269819664
2011-05-06,-0.33543876177187043
2011-05-13,-0.6509168397587632
2011-05-20,-0.5348964322639969
2011-05-27,-0.658221345460055
2011-06-03,-0.5813811635708118
2011-06-10,-0.574268078641791
2011-06-17,-0.6234743139717608
2011-06-24,-0.5316755697044833
2011-07-01,-0.48707175555128623
2011-07-08,-0.38070283887869755
2011-07-15,-0.4221939848219251
2011-07-22,-0.28283688839466137
2011-07-29,0.7991149296915002
2011-08-05,0.9660088751848565
2011-08-12,1.078522676068748
2011-08-19,2.1005320502932276
2011-08-26,2.8059897256776423
2011-09-02,4.21928535213645
2011-09-09,0.8496250456441844
2011-09-16,0.0038975573966053244
2011-09-23,0.03620882891310533
2011-09-30,-0.34461586198450755
2011-10-07,-0.14258926924422452
2011-10-14,-0.43695002957132534
2011-10-21,-0.436417380465876
2011-10-28,-0.4601896210106418
2011-11-04,-0.5320445401785705
2011-11-11,-0.3287972932382996
2011-11-18,-0.3390868533013801
2011-11-25,0.09346305932072325
2011-12-02,0.14387330356613584
2011-12-09,0.4112576060735022
2011-12-16,1.1969511013943996
2011-12-23,1.8368235814562792
2011-12-30,-0.26743167754799496
2012-01-06,0.019968579625083478
2012-01-13,-0.123594225363957
2012-01-20,-0.1963729578241493
2012-01-27,0.37585031163157845
2012-02-03,-0.03569602610845932
2012-02-10,-0.10366149712097165
2012-02-17,-0.23157496042334813
2012-02-24,-0.3915416933317725
2012-03-02,-0.4872576278953751
2012-03-09,-0.2862741396532639
2012-03-16,-0.3956308849017322
2012-03-23,-0.615329221400932
2012-03-30,-0.6904937779792825
2012-04-06,-0.40137628228394834
2012-04-13,-0.6741397859135345
2012-04-20,-0.46786587140011165
2012-04-27,-0.72997084449253
2012-05-04,-0.4541390600784288
2012-05-11,-0.6367045409711761
2012-05-18,-0.4459662253666911
2012-05-25,-0.5658760810168736
2012-06-01,-0.6841186339984363
2012-06-08,-0.6826760426711779
2012-06-15,-0.570345339917284
2012-06-22,-0.8456611205104816
2012-06-29,-0.46034220278564036
2012-07-06,-0.7243114477471314
2012-07-13,-0.41840163415968973
2012-07-20,-0.15131972098822952
2012-07-27,0.1170189111664003
2012-08-03,0.5211525488556014
2012-08-10,1.0697034494738353
2012-08-17,1.865533923082815
2012-08-24,3.03477361332448
2012-08-31,4.1601085913638505
2012-09-07,1.5330832032879076
2012-09-14,0.11335417435234547
2012-09-21,-0.16479962725582406
2012-09-28,-0.4926507000880494
2012-10-05,-0.19566830744506536
2012-10-12,-0.4489512797284797
2012-10-19,-0.24111825689598132
2012-10-26,-0.4917185641535132
2010-02-12,-0.9891079466027318
2010-02-19,0.04221251363839336
2010-02-26,-0.5712335026736083
2010-03-05,-0.29355125359706313
2010-03-12,-0.7831236007085417
2010-03-19,-0.8586156906171101
2010-03-26,-0.9518001706231031
2010-04-02,-0.8291760342439385
2010-04-09,-1.7340305109238145
2010-04-16,-0.9512862665771725
2010-04-23,-1.0019472589760807
2010-04-30,-0.7272531132633779
2010-05-07,-0.5587464632349712
2010-05-14,-0.6274832015720216
2010-05-21,-0.3240166458683632
2010-05-28,-0.40065673110534145
2010-06-04,-1.329987960166432
2010-06-11,-1.0431176040751289
2010-06-18,-0.3847091281316013
2010-06-25,-0.9011018787369901
2010-07-02,-0.455331562766222
2010-07-09,-1.684662567414668
2010-07-16,-1.2092101484038982
2010-07-23,-1.5518142271539492
2010-07-30,-1.789818110619635
2010-08-06,-1.3294864892829024
2010-08-13,-1.0720392120149018
2010-08-20,-1.1765316532251195
2010-08-27,-0.5190473756867747
2010-09-03,-0.4409919821297513
2010-09-10,-0.7756678476550709
2010-09-17,-1.1792172163038572
2010-09-24,-1.0555176113769569
2010-10-01,-0.6036757677667589
2010-10-08,-0.6154561891422411
2010-10-15,-0.7256326577637074
2010-10-22,-0.5583340966819849
2010-10-29,-0.665996994304602
2010-11-05,0.3386398272290323
2010-11-12,0.7183568957477537
2010-11-19,1.6271091688405208
2010-11-26,0.5245238939073594
2010-12-03,0.7587149409032333
2010-12-10,2.0414443058726652
2010-12-17,1.15667767524625
2010-12-24,0.8356596386190501
2010-12-31,-2.2191932297702057
2011-01-07,-0.8399555860460944
2011-01-14,-0.4715299011817284
2011-01-21,-0.8687259238433145
2011-01-28,-0.5905587814331075
2011-02-04,0.002631541133013152
2011-02-11,-1.2055672318202408
2011-02-18,-0.8426411491248322
2011-02-25,-0.9099501459794364
2011-03-04,-0.008997610099917595
2011-03-11,-0.8672277277739268
2011-03-18,-0.5999437468525555
2011-03-25,-0.6447321422104586
2011-04-01,-0.3470573679921967
2011-04-08,-0.28872925877898875
2011-04-15,-0.5445249976413138
2011-04-22,-0.06045432489252673
2011-04-29,-1.7287339837407478
2011-05-06,-0.7403535220471588
2011-05-13,-1.0604183495569073
2011-05-20,-0.4591609767859046
2011-05-27,-0.31822693657670076
2011-06-03,-0.82771306546802
2011-06-10,-0.5165400212691261
2011-06-17,-0.2158481329747501
2011-06-24,-0.8343275078656521
2011-07-01,-0.1562207582905793
2011-07-08,-1.0284050285666106
2011-07-15,-0.5691986084272189
2011-07-22,-0.6469929055738105
2011-07-29,-0.3243668466093411
2011-08-05,-0.30685266517300275
2011-08-12,-0.2385635206824094
2011-08-19,-0.08486476707426607
2011-08-26,0.35901778040519766
2011-09-02,0.32658587628071567
2011-09-09,0.05445088982900126
2011-09-16,-0.2288055603909139
2011-09-23,0.16357261184006733
2011-09-30,0.21581883244517536
2011-10-07,0.5261920098629033
2011-10-14,-0.06159610363973751
2011-10-21,0.30243238612194306
2011-10-28,0.5880677147480234
2011-11-04,0.8600555754446528
2011-11-11,1.6531027670347258
2011-11-18,2.527665915716924
2011-11-25,1.569931127149458
2011-12-02,1.4536209650765535
2011-12-09,2.3421424107482416
2011-12-16,2.862016446826068
2011-12-23,3.7008446145724356
2011-12-30,-1.961638198428059
2012-01-06,0.3968063053310201
2012-01-13,0.28656352651007894
2012-01-20,1.0575770821308452
2012-01-27,0.3289585381056803
2012-02-03,1.029643910601996
2012-02-10,0.7266788257818669
2012-02-17,0.738712054792848
2012-02-24,0.6256676700440882
2012-03-02,1.5869687040270692
2012-03-09,1.20658438912613
2012-03-16,0.7282744149567354
2012-03-23,0.19964536035447414
2012-03-30,0.46121423095859254
2012-04-06,1.4322359257458628
2012-04-13,-0.34524419847530186
2012-04-20,0.27767588758669387
2012-04-27,0.5852723254014054
2012-05-04,0.31978079205959326
2012-05-11,0.6653854073358878
2012-05-18,0.630643007198448
2012-05-25,0.8484222798242556
2012-06-01,-0.8715213131899341
2012-06-08,0.5359934862228026
2012-06-15,0.3449724512788969
2012-06-22,-0.10118122053258576
2012-06-29,0.046928826576054
2012-07-06,0.14354278721114586
2012-07-13,0.2086034538648007
2012-07-20,0.5504553262895562
2012-07-27,-0.06415319070699194
2012-08-03,0.6412609278893839
2012-08-10,0.6447049138746179
2012-08-17,0.6278579788204971
2012-08-24,1.3637561394317776
2012-08-31,1.0698071695465172
2012-09-07,0.7078715954557678
2012-09-14,0.5017318350315582
2012-09-21,0.9556479445690842
2012-09-28,1.3676394304885326
2012-10-05,1.5510720919800176
2012-10-12,1.3903859011021962
2012-10-19,1.3577198390858185
2012-10-26,1.2681326874013437
2010-02-12,1.2016225824049125
2010-02-19,2.30362070595912
2010-02-26,-0.29604781597863233
2010-03-05,0.7690385624182454
2010-03-12,1.733395086814352
2010-03-19,0.26949961128905225
2010-03-26,0.657329830370679
2010-04-02,0.9333701926901073
2010-04-09,-0.4823101607725417
2010-04-16,-0.41335415333577225
2010-04-23,-0.8135694121844734
2010-04-30,-1.2327137711138565
2010-05-07,-0.7621904262511943
2010-05-14,-0.32089902022741335
2010-05-21,-0.8325796369797867
2010-05-28,-1.1562131652163583
2010-06-04,-0.692558379525829
2010-06-11,-1.2493443376133126
2010-06-18,0.3639287791201109
2010-06-25,-0.2143281867731751
2010-07-02,-0.15640514052628857
2010-07-09,-0.4147873566275952
2010-07-16,-0.40146938264225845
2010-07-23,0.35409916786392825
2010-07-30,0.1851028665007551
2010-08-06,-0.27638859346626715
2010-08-13,-0.23504203057574938
2010-08-20,0.2665791215623187
2010-08-27,-1.065542775829892
2010-09-03,-0.3574051418115854
2010-09-10,0.25825031752681826
2010-09-17,-0.3091900197489346
2010-09-24,-1.0875275734950267
2010-10-01,-0.4952901151135805
2010-10-08,0.08723941908362998
2010-10-15,-1.0057268195749376
2010-10-22,0.2884287113697341
2010-10-29,-0.336988755295993
2010-11-05,-1.066705563406277
2010-11-12,-0.022954984957482008
2010-11-19,-0.8069442271562347
2010-11-26,2.653024851876962
2010-12-03,1.0348031275510179
2010-12-10,-0.5634348754040351
2010-12-17,0.38342575220321323
2010-12-24,3.242125487959325
2010-12-31,-0.2529976340808535
2011-01-07,-0.7773877894588274
2011-01-14,0.3526254022147893
2011-01-21,0.38375025106173893
2011-01-28,0.8863719413469291
2011-02-04,1.557111081920117
2011-02-11,0.9446735695954289
2011-02-18,1.4699290552628055
2011-02-25,2.4370167783848395
2011-03-04,1.5307455496648819
2011-03-11,1.8146279677320214
2011-03-18,1.8287031057205854
2011-03-25,-0.18796265451793973
2011-04-01,-0.0025385984418889894
2011-04-08,3.252806908719138
2011-04-15,-0.5667069055608388
2011-04-22,1.0312742024645478
2011-04-29,-0.23262180992257653
2011-05-06,0.5150100393354953
2011-05-13,-0.44327565224902155
2011-05-20,-0.21749205064380292
2011-05-27,-0.8182611248473282
2011-06-03,-0.7723580571516747
2011-06-10,-0.8987774041190854
2011-06-17,-0.9253592689466715
2011-06-24,0.11472717655793488
2011-07-01,-1.4738299437844269
2011-07-08,-0.7541455587169044
2011-07-15,-0.10893366168109278
2011-07-22,-1.1340661181219602
2011-07-29,-0.6775097449616868
2011-08-05,-0.8329041358383127
2011-08-12,-1.330360885958631
2011-08-19,0.004411085444875448
2011-08-26,0.21730937820945825
2011-09-02,-0.1368946466574146
2011-09-09,-0.9974385778967534
2011-09-16,-1.0664081061192947
2011-09-23,-0.49470872132538835
2011-09-30,-0.13950415831139407
2011-10-07,0.4813973659065136
2011-10-14,0.5695934514967184
2011-10-21,-0.5086216098846894
2011-10-28,-0.5895029503722884
2011-11-04,-0.5274831060365117
2011-11-11,-0.48555514935780153
2011-11-18,-0.5437215697485823
2011-11-25,4.0008173399788225
2011-12-02,0.5372652527160684
2011-12-09,-0.2351501968619246
2011-12-16,-0.1331629097843656
2011-12-23,1.6754585197816938
2011-12-30,1.650309858245931
2012-01-06,-2.0544665679735696
2012-01-13,-0.32738899739793303
2012-01-20,-0.10981251275626741
2012-01-27,0.00815634310369604
2012-02-03,-0.592923709172583
2012-02-10,1.1463090478120062
2012-02-17,0.22571930695958947
2012-02-24,-0.07326582881477932
2012-03-02,1.441954549500712
2012-03-09,0.5525707822098771
2012-03-16,0.13476498107191337
2012-03-23,-0.8551323076473419
2012-03-30,-1.6528181058330456
2012-04-06,-0.31585576713448876
2012-04-13,-0.9481823553296649
2012-04-20,-0.4071886750237788
2012-04-27,0.05193664743315884
2012-05-04,-0.8010491645596797
2012-05-11,-0.9880145902137283
2012-05-18,-0.35421423636941374
2012-05-25,-0.35705360138151593
2012-06-01,-0.3811476416270691
2012-06-08,-0.3375025451553259
2012-06-15,-0.10410674116051931
2012-06-22,0.3271252002489563
2012-06-29,0.5979059769031096
2012-07-06,-0.4351361392143281
2012-07-13,-0.24926589720780454
2012-07-20,-0.389043780517868
2012-07-27,0.5565188516552765
2012-08-03,-1.2088901465837414
2012-08-10,-0.42628002453372343
2012-08-17,0.4390773064404176
2012-08-24,-0.8330528644818039
2012-08-31,0.43703566778885805
2012-09-07,0.16195528125923578
2012-09-14,-1.172559795214604
2012-09-21,0.10534375123222539
2012-09-28,-0.9696128007781513
2012-10-05,-1.1846473776946966
2012-10-12,0.10335619572375346
2012-10-19,0.19729861526702294
2012-10-26,0.10111174528561566
2010-02-12,2.1588216714393487
2010-02-19,3.1575126122599513
2010-02-26,0.5587245765481964
2010-03-05,2.3583203720510886
2010-03-12,1.5629989190260656
2010-03-19,1.0766581796578751
2010-03-26,0.13825683777982076
2010-04-02,3.7336751074661048
2010-04-09,1.1775492729460273
2010-04-16,0.37944308093982426
2010-04-23,0.6296240310090406
2010-04-30,-0.06931760587734095
2010-05-07,1.1823251002987516
2010-05-14,0.6121637175970418
2010-05-21,0.10801457244420502
2010-05-28,-0.0859981923746095
2010-06-04,1.2599496993991455
2010-06-11,0.7670648234251822
2010-06-18,0.20766645688573282
2010-06-25,-0.24323847894694098
2010-07-02,1.467176050683659
2010-07-09,1.805842081879872
2010-07-16,-0.3518015281282457
2010-07-23,-0.49259793101670907
2010-07-30,-0.7832132910926591
2010-08-06,-0.22931478404104072
2010-08-13,-0.29944843528206083
2010-08-20,-0.8468445768126237
2010-08-27,-1.196788800882615
2010-09-03,-1.1092226836194086
2010-09-10,-0.7948535000339919
2010-09-17,-0.7931130381707544
2010-09-24,-2.0220740453451356
2010-10-01,-2.338211538183601
2010-10-08,-1.0841461090938818
2010-10-15,0.20541081831097713
2010-10-22,-0.9084847741610442
2010-10-29,-1.0127175542266138
2010-11-05,-0.6968167642015484
2010-11-12,-0.4290084163814624
2010-11-19,-1.1892560819385232
2010-11-26,-1.5678134990401391
2010-12-03,-1.821962702157537
2010-12-10,-0.5310691000417117
2010-12-17,0.43970483249256154
2010-12-24,1.2839263020271061
2010-12-31,-0.5723667791326117
2011-01-07,-0.10084085114429897
2011-01-14,0.39882486424883756
2011-01-21,0.44275412167695316
2011-01-28,-0.10975201588407528
2011-02-04,0.6336619025317513
2011-02-11,0.7461375099816145
2011-02-18,0.8175939122386943
2011-02-25,0.9590029577030179
2011-03-04,0.8049511972641369
2011-03-11,1.186933843312605
2011-03-18,2.2434081179926926
2011-03-25,0.41267894068020805
2011-04-01,0.7303758873481345
2011-04-08,1.2824225429772689
2011-04-15,0.14141751652345946
2011-04-22,1.2907349888360917
2011-04-29,-0.7380865959026366
2011-05-06,-0.5923890524072963
2011-05-13,0.23760240093341842
2011-05-20,-0.42948182200826324
2011-05-27,-0.1139848191354689
2011-06-03,0.0010805955668907235
2011-06-10,0.12945706259929093
2011-06-17,0.09964643180575866
2011-06-24,0.14070740808325824
2011-07-01,0.535263150631754
2011-07-08,-0.45046483023145517
2011-07-15,-0.11475062235529367
2011-07-22,0.7636813655630481
2011-07-29,-0.43315767746342076
2011-08-05,0.2822139194119228
2011-08-12,-0.4287020950935329
2011-08-19,-0.7194984632032598
2011-08-26,-0.7445471903389741
2011-09-02,-0.7189693627968355
2011-09-09,-0.573299666691307
2011-09-16,-0.37739327936529055
2011-09-23,-1.585788989163657
2011-09-30,-1.5477912257654551
2011-10-07,-0.695229462982276
2011-10-14,-0.9219768345248617
2011-10-21,-1.474190574492866
2011-10-28,-1.3426812761066382
2011-11-04,-1.088044743667534
2011-11-11,-1.1217818564245305
2011-11-18,-0.7434889895261261
2011-11-25,-1.3946723528852696
2011-12-02,-0.9077328946361256
2011-12-09,-0.5145138267985964
2011-12-16,-0.512397425172899
2011-12-23,0.954742307061812
2011-12-30,-0.6909409649512581
2012-01-06,0.8975437683883737
2012-01-13,0.485708720461656
2012-01-20,0.7586827590918297
2012-01-27,-0.3628430181886244
2012-02-03,-0.42878563726296826
2012-02-10,0.04423012608027598
2012-02-17,0.8165078640360344
2012-02-24,0.25516018020975945
2012-03-02,1.08825661751449
2012-03-09,1.5422943847009907
2012-03-16,1.455438375877986
2012-03-23,-0.0571761439193962
2012-03-30,0.4265887118912034
2012-04-06,2.4271034248862353
2012-04-13,1.680570598811487
2012-04-20,-0.28883857976376437
2012-04-27,-1.1011608642688921
2012-05-04,-0.34903071284197124
2012-05-11,-0.8708907979151135
2012-05-18,-0.3386157890523578
2012-05-25,-0.30558878473556267
2012-06-01,-1.037808052447046
2012-06-08,-0.1150708673381294
2012-06-15,-0.5250540638423625
2012-06-22,-0.5486686504027695
2012-06-29,-0.6146391168669251
2012-07-06,0.3364606347653103
2012-07-13,-0.6533191413155156
2012-07-20,-0.5946307672871465
2012-07-27,-0.17804773939751634
2012-08-03,0.19950717167087573
2012-08-10,0.3778836271103636
2012-08-17,0.7018044654012279
2012-08-24,-0.2683846719469968
2012-08-31,-0.30299897748306504
2012-09-07,0.6208938743030405
2012-09-14,-0.4696516818117854
2012-09-21,-0.6521077798587025
2012-09-28,-1.1939762145116233
2012-10-05,-0.008025500901568
2012-10-12,-0.4734946216058142
2012-10-19,-0.8805956132645257
2012-10-26,-0.9209604047967309
2010-02-12,-0.4246824255971865
2010-02-19,-0.445401137479395
2010-02-26,-1.079308856939093
2010-03-05,0.14606538886682596
2010-03-12,-0.9885744954071128
2010-03-19,-1.4253291394649774
2010-03-26,-1.4975987075621864
2010-04-02,-0.045603455818774556
2010-04-09,-1.3151399029130155
2010-04-16,-1.235424191280954
2010-04-23,-1.4418301950459493
2010-04-30,-0.732085876229516
2010-05-07,-0.34774259247407413
2010-05-14,-1.2743339413209174
2010-05-21,-1.3779795142345919
2010-05-28,-1.2645517527555232
2010-06-04,-0.04340246339156131
2010-06-11,-0.8977945079956294
2010-06-18,-1.2715014867213852
2010-06-25,-1.1858471106132433
2010-07-02,0.0643165880441212
2010-07-09,-0.9861681865221364
2010-07-16,-0.9306031654284821
2010-07-23,-1.1135492544707424
2010-07-30,0.008987909006290854
2010-08-06,-0.21209137760679542
2010-08-13,-1.0173525626446902
2010-08-20,-1.1112150344753808
2010-08-27,-1.117030509076804
2010-09-03,0.6160037350870556
2010-09-10,-0.7932391550446696
2010-09-17,-1.1192798649362905
2010-09-24,-0.9660718116363464
2010-10-01,0.034557564397233655
2010-10-08,-0.4793522669349967
2010-10-15,-1.8169470134483408
2010-10-22,-1.652619020795981
2010-10-29,-1.2637040239143615
2010-11-05,1.016758647699644
2010-11-12,-1.0855413520791715
2010-11-19,-1.0796683888695748
2010-11-26,-1.0374087867565183
2010-12-03,0.8816020173661758
2010-12-10,-0.18310434384109534
2010-12-17,-0.60059665409048
2010-12-24,1.2680888049406578
2010-12-31,-0.02432263310109222
2011-01-07,-0.5790293008495204
2011-01-14,-1.0163250678382882
2011-01-21,-1.0463341213048507
2011-01-28,-0.42444243347100213
2011-02-04,1.3900175802886827
2011-02-11,-0.2818223217684706
2011-02-18,0.9145293020857352
2011-02-25,-0.24840866517341148
2011-03-04,1.171785348556569
2011-03-11,-0.33435413439278094
2011-03-18,-0.5930574337614426
2011-03-25,-0.7963636152730191
2011-04-01,0.33583254689475067
2011-04-08,-0.06897941892322405
2011-04-15,-1.1348236895652946
2011-04-22,-0.8278053213559691
2011-04-29,-0.4786669662248649
2011-05-06,-0.050472649679310325
2011-05-13,-1.0122452016931505
2011-05-20,-0.7510379540573765
2011-05-27,-0.7719829703019184
2011-06-03,0.5490021310372365
2011-06-10,-0.30909656001763697
2011-06-17,-0.6177474221955721
2011-06-24,-0.6711233135906837
2011-07-01,0.6661502267309611
2011-07-08,0.489698525377125
2011-07-15,-0.22754212544161373
2011-07-22,-0.3851311756914144
2011-07-29,-0.32749108959797424
2011-08-05,1.4266323485896564
2011-08-12,-0.24075355511043664
2011-08-19,-0.2928646971257314
2011-08-26,-0.4399753078889256
2011-09-02,1.4288753168260127
2011-09-09,0.029746771662461383
2011-09-16,-0.5678117221149691
2011-09-23,-0.4297341229757333
2011-09-30,0.8138630991035918
2011-10-07,0.8220575070622897
2011-10-14,0.07603513893561273
2011-10-21,-0.27351019904065543
2011-10-28,-0.3548282915608546
2011-11-04,2.2942595483198884
2011-11-11,0.19347159018779453
2011-11-18,-0.412629893267735
2011-11-25,-0.01929557369747724
2011-12-02,1.6411789217755361
2011-12-09,0.49606151053258174
2011-12-16,0.7108489883622355
2011-12-23,1.8016296271877508
2011-12-30,1.4214282607735704
2012-01-06,0.31526896300285195
2012-01-13,-0.4949024791871314
2012-01-20,-0.24950916138701812
2012-01-27,0.007287888736017185
2012-02-03,2.884187570009275
2012-02-10,2.3450064765380496
2012-02-17,1.2003343738790428
2012-02-24,0.832815176931453
2012-03-02,2.9130386386540583
2012-03-09,1.0876703896228506
2012-03-16,0.0021631899502663
2012-03-23,-0.3168493094627477
2012-03-30,1.184167299736031
2012-04-06,1.2746370311668955
2012-04-13,-0.0203093807400282
2012-04-20,-0.6841394644952341
2012-04-27,-0.295428871553787
2012-05-04,2.1073786834293085
2012-05-11,0.05039613220782553
2012-05-18,0.061762451309555606
2012-05-25,-0.19232989667655548
2012-06-01,1.6965212885772167
2012-06-08,1.0677236676218294
2012-06-15,0.10677876906216949
2012-06-22,-0.0457093078592213
2012-06-29,1.3524930319504236
2012-07-06,1.8274520499511386
2012-07-13,0.24232869447695202
2012-07-20,-0.1321329362957796
2012-07-27,0.21208786154251533
2012-08-03,2.313847650908018
2012-08-10,0.9412313918059372
2012-08-17,0.23242605358967025
2012-08-24,-0.002360159743638383
2012-08-31,1.7989915388349003
2012-09-07,1.0997302220930232
2012-09-14,0.06718371831207516
2012-09-21,0.3006002427427111
2012-09-28,0.17126364959861626
2012-10-05,2.342733395221223
2012-10-12,0.46221988318778645
2012-10-19,-0.626648118768972
2012-10-26,0.0689941532107448
2010-02-12,-1.3519001918851012
2010-02-19,-2.1954599202701073
2010-02-26,-1.7340411917421046
2010-03-05,-1.2393107304829618
2010-03-12,-1.2902313323476235
2010-03-19,-1.3721351130903057
2010-03-26,-1.272483294555926
2010-04-02,-0.37493621148367945
2010-04-09,-1.0582361706982926
2010-04-16,-0.6329760815828308
2010-04-23,-0.8728453655730646
2010-04-30,-0.42576000036873923
2010-05-07,-0.09955370794491257
2010-05-14,-0.9877462368631843
2010-05-21,0.30519614805460255
2010-05-28,0.6036564456058258
2010-06-04,1.175303810689649
2010-06-11,0.2656409866077173
2010-06-18,0.5590770939050483
2010-06-25,-0.412037768978796
2010-07-02,0.46494664061355256
2010-07-09,-0.16705958337751783
2010-07-16,-0.24667615747712043
2010-07-23,-0.3721094741730297
2010-07-30,-0.5311802589376966
2010-08-06,0.11341669474422837
2010-08-13,-0.2863049371272452
2010-08-20,0.035010282889641794
2010-08-27,0.5045693694524525
2010-09-03,0.07414491295638415
2010-09-10,-0.32662754313117814
2010-09-17,-0.559305437980406
2010-09-24,-0.843006798485121
2010-10-01,-0.593727494571349
2010-10-08,-0.7242606366614625
2010-10-15,-0.9935983797863741
2010-10-22,-0.7264016153666029
2010-10-29,-0.3931400770543336
2010-11-05,-1.263366738976806
2010-11-12,-1.4280204055651453
2010-11-19,-1.421555113771147
2010-11-26,-0.9740199715990903
2010-12-03,-1.975139798879569
2010-12-10,-0.9455498963165514
2010-12-17,-0.4816079795076912
2010-12-24,0.5800108838067504
2010-12-31,-2.2576430987617173
2011-01-07,-1.8989005859120975
2011-01-14,-1.5943087996527943
2011-01-21,-0.9947803049123398
2011-01-28,-1.521040534996838
2011-02-04,0.11009076550750979
2011-02-11,-1.4054569305068212
2011-02-18,-1.5869530301401717
2011-02-25,-1.4494705313580536
2011-03-04,-0.8424259206075123
2011-03-11,-1.2313014733580312
2011-03-18,-1.1053487953653032
2011-03-25,-1.3729166762068785
2011-04-01,-1.1337765149692665
2011-04-08,-0.7417615996614697
2011-04-15,-0.3642293010209005
2011-04-22,0.1395027504040872
2011-04-29,-0.6561678325400252
2011-05-06,-0.5028977588031354
2011-05-13,-0.5495606065024142
2011-05-20,-0.16674393272527568
2011-05-27,0.24019228306356766
2011-06-03,1.1697279881457368
2011-06-10,0.10874950235261677
2011-06-17,0.394687646073537
2011-06-24,-0.5391330418245268
2011-07-01,0.7264132868031739
2011-07-08,0.3981275322549951
2011-07-15,-0.3302560129291522
2011-07-22,-0.01698131256185863
2011-07-29,0.16097808791043342
2011-08-05,0.31594037185327045
2011-08-12,0.43731863655983794
2011-08-19,1.281414870206802
2011-08-26,1.836062481153762
2011-09-02,1.3749210814735755
2011-09-09,0.9539671530132967
2011-09-16,0.6186382541991237
2011-09-23,0.27808952223478217
2011-09-30,0.20121799949428956
2011-10-07,1.0706661237058013
2011-10-14,0.2536976937179461
2011-10-21,0.5059439120690836
2011-10-28,0.1248345755259545
2011-11-04,0.09164990983054085
2011-11-11,-0.370111698000216
2011-11-18,0.28946908121208237
2011-11-25,0.8961143384217677
2011-12-02,-0.598608482292913
2011-12-09,0.3670737605793461
2011-12-16,0.6752930081680848
2011-12-23,1.5835974251299858
2011-12-30,-1.4866628510215458
2012-01-06,0.38007997930765575
2012-01-13,0.2873119670103414
2012-01-20,0.24427859757757212
2012-01-27,-0.2562677017374098
2012-02-03,-0.06791401604896859
2012-02-10,-0.1114677552470951
2012-02-17,-0.7728627693583805
2012-02-24,-0.5486993743713784
2012-03-02,-0.08724232403894958
2012-03-09,0.07541054097096368
2012-03-16,0.13822199536144406
2012-03-23,0.2975106093302142
2012-03-30,0.6520871386513654
2012-04-06,1.854548717914919
2012-04-13,0.9882389477921496
2012-04-20,0.6506752826988467
2012-04-27,0.6666746360464967
2012-05-04,1.2538100609294498
2012-05-11,0.8347207907950308
2012-05-18,0.7017421125014476
2012-05-25,1.7498011078604843
2012-06-01,1.7701439351992034
2012-06-08,1.4840101485820067
2012-06-15,1.1937769373598175
2012-06-22,0.8533108998155529
2012-06-29,1.2035026079355964
2012-07-06,1.4501417412181576
2012-07-13,-0.1646019455515983
2012-07-20,0.7855569411227187
2012-07-27,0.18784873209247602
2012-08-03,0.9008027086526678
2012-08-10,1.1404844174949256
2012-08-17,1.6444504336206156
2012-08-24,1.3584053922347206
2012-08-31,2.933024132833897
2012-09-07,1.753159308090404
2012-09-14,0.8705305000935931
2012-09-21,1.4438620076350632
2012-09-28,0.9217556594565828
2012-10-05,1.4801164515586678
2012-10-12,0.7788667608448555
2012-10-19,1.3824220704556
2012-10-26,1.1797269536951824
2010-02-12,-0.05706464269720385
2010-02-19,0.16043394021755214
2010-02-26,-0.1661648975277464
2010-03-05,0.5954859440741186
2010-03-12,0.6591035392633182
2010-03-19,0.0776504545718158
2010-03-26,0.12253537971823589
2010-04-02,1.2718142993774948
2010-04-09,-0.03750391844585569
2010-04-16,1.4437315142022025
2010-04-23,1.9639469740787912
2010-04-30,0.23521107391291612
2010-05-07,1.3861131991730733
2010-05-14,-0.3523345155846532
2010-05-21,0.11701867419626846
2010-05-28,1.3419905226027495
2010-06-04,0.5312541629818757
2010-06-11,1.0627498050241555
2010-06-18,1.0852827503420097
2010-06-25,0.33374952473222114
2010-07-02,2.0248994411530044
2010-07-09,0.5719659142692312
2010-07-16,2.405672765828233
2010-07-23,1.4792226853137005
2010-07-30,1.34828592810893
2010-08-06,1.8996219683405517
2010-08-13,0.8421967440023088
2010-08-20,1.7192487297436037
2010-08-27,2.3463928585792675
2010-09-03,2.5302757309078827
2010-09-10,1.727079600007389
2010-09-17,0.3571105242586399
2010-09-24,0.7882196739697857
2010-10-01,0.7694376497026525
2010-10-08,0.9937525993806319
2010-10-15,0.6411221501912215
2010-10-22,0.6804629508021459
2010-10-29,0.2665400387707653
2010-11-05,0.1927225705489025
2010-11-12,0.16370777043287296
2010-11-19,-0.4336373744998394
2010-11-26,-0.6943483227357655
2010-12-03,-0.4408595426632899
2010-12-10,-1.7946843032463635
2010-12-17,-1.274578519423888
2010-12-24,0.09703569713658068
2010-12-31,-1.9547619880293952
2011-01-07,-0.6206021439490778
2011-01-14,-1.3813152552882622
2011-01-21,-1.0287231927177927
2011-01-28,-1.7169843027088423
2011-02-04,-1.788432768161828
2011-02-11,-1.2615654556031854
2011-02-18,-0.20626246291206243
2011-02-25,-1.040853364302872
2011-03-04,0.5295267651295692
2011-03-11,-1.123724590791898
2011-03-18,-0.313542095244302
2011-03-25,-0.5094838497228236
2011-04-01,-0.524059797314661
2011-04-08,-0.1299498644590918
2011-04-15,-0.5770333314520343
2011-04-22,0.2856072207785968
2011-04-29,-1.1276729287400256
2011-05-06,0.41189371328890645
2011-05-13,-1.0534332077098232
2011-05-20,0.8789985439604786
2011-05-27,0.3107998104087303
2011-06-03,0.9098997722072794
2011-06-10,0.09723311403398736
2011-06-17,-0.7426825597840897
2011-06-24,-0.012903579507940268
2011-07-01,1.3607451278563545
2011-07-08,0.2369494393706343
2011-07-15,0.05378494519647057
2011-07-22,-0.3472071600547943
2011-07-29,-0.15568535055709365
2011-08-05,0.7474201818391365
2011-08-12,0.5393921261971825
2011-08-19,0.7950524921411276
2011-08-26,1.8615095395357122
2011-09-02,1.507425882629282
2011-09-09,1.071381310482979
2011-09-16,0.42215939195403795
2011-09-23,-0.16597844823575142
2011-09-30,-0.19627097438221752
2011-10-07,0.8339820075491221
2011-10-14,-0.40692577152021786
2011-10-21,0.760175506932671
2011-10-28,-0.5719662977519367
2011-11-04,0.16710224430772253
2011-11-11,-0.4426527461480646
2011-11-18,-1.0300283377617574
2011-11-25,-1.5147361751187296
2011-12-02,-0.5690379471070756
2011-12-09,-0.9911317251699981
2011-12-16,-2.0246256345004245
2011-12-23,-0.9517196351238987
2011-12-30,-2.65463230834848
2012-01-06,-0.9522899506052953
2012-01-13,-1.3622974275047832
2012-01-20,-1.0400965995294804
2012-01-27,-1.6221090320969676
2012-02-03,-0.9822589323921231
2012-02-10,-0.8335656220261909
2012-02-17,-1.3575484543616192
2012-02-24,-0.6631838719590879
2012-03-02,-0.8842140238163347
2012-03-09,-1.0405353037459406
2012-03-16,0.22106286293212718
2012-03-23,-0.5617883599300989
2012-03-30,-0.6678999422860189
2012-04-06,0.3670033043397815
2012-04-13,-1.5886523517892948
2012-04-20,-1.1129818212913702
2012-04-27,-1.1245855478166997
2012-05-04,-0.2877517711192436
2012-05-11,-0.8439080739292024
2012-05-18,-1.0903008133004612
2012-05-25,0.09269252539363966
2012-06-01,-0.20129413766066825
2012-06-08,0.937351688552176
2012-06-15,-0.5787607293043407
2012-06-22,-0.38115738260598286
2012-06-29,0.6500607486015647
2012-07-06,0.4558189729618214
2012-07-13,-0.15067315488405264
2012-07-20,-0.14587482751653688
2012-07-27,-0.013068093589113833
2012-08-03,1.0961351958966543
2012-08-10,0.45564897507794494
2012-08-17,0.9487579981800988
2012-08-24,0.8013314462391915
2012-08-31,0.7076680960252841
2012-09-07,0.877347919346052
2012-09-14,-0.815145528737636
2012-09-21,-0.23269439195369251
2012-09-28,-0.8839562850891647
2012-10-05,-0.001722105790952424
2012-10-12,-0.5918889529818632
2012-10-19,-0.6387315956942275
2012-10-26,-0.8923190842154065
2010-02-12,-1.5939625087480151
2010-02-19,-1.1211214073311784
2010-02-26,-0.9285608810576997
2010-03-05,-0.8959063934211834
2010-03-12,-0.10603451178463626
2010-03-19,0.13824989881706787
2010-03-26,0.5576543863122936
2010-04-02,0.5714345114209024
2010-04-09,1.1168489239723718
2010-04-16,0.7327456201252531
2010-04-23,0.5061859692690476
2010-04-30,0.42521520125072815
2010-05-07,0.9340620815694061
2010-05-14,-0.14407990852623467
2010-05-21,0.9745426583984721
2010-05-28,1.606814574363008
2010-06-04,2.1686036157936592
2010-06-11,1.614221752147392
2010-06-18,1.6339559131720596
2010-06-25,2.1317764958358074
2010-07-02,2.117306883753759
2010-07-09,1.949466251002133
2010-07-16,1.0329773661375086
2010-07-23,0.6869634103928449
2010-07-30,0.4570881787520111
2010-08-06,0.5468244963011926
2010-08-13,0.7370954313700414
2010-08-20,0.4849066432142611
2010-08-27,-0.0341259649829618
2010-09-03,0.29004416441591174
2010-09-10,0.37532628623827047
2010-09-17,-0.3987464546503127
2010-09-24,-0.6071693017529869
2010-10-01,-0.4058954181896635
2010-10-08,-0.7098012232735353
2010-10-15,-1.1007293493736867
2010-10-22,-1.0830512879490979
2010-10-29,-0.8719322995538692
2010-11-05,-0.4685219869704091
2010-11-12,-0.796260417478838
2010-11-19,-1.0412013515333396
2010-11-26,0.5588506874156128
2010-12-03,-0.48917500613298764
2010-12-10,-0.07655963041009847
2010-12-17,-0.15349648758978715
2010-12-24,1.853205903325781
2010-12-31,-0.9130117136746081
2011-01-07,-0.7550450288354484
2011-01-14,-1.5632652301496495
2011-01-21,-1.768932876318618
2011-01-28,-1.653516602708871
2011-02-04,-1.6121982030634736
2011-02-11,-1.4998392959933218
2011-02-18,-0.9332664236294221
2011-02-25,-1.298580520710293
2011-03-04,-0.886447236476801
2011-03-11,-0.43649792666618137
2011-03-18,0.07772338099725754
2011-03-25,-0.3969334610149729
2011-04-01,-0.6270806417011076
2011-04-08,-0.13763141980053767
2011-04-15,0.20731396848329658
2011-04-22,0.17033301876244686
2011-04-29,0.1964840784721956
2011-05-06,-0.05390957128859309
2011-05-13,0.5001179345107666
2011-05-20,0.2743480346699557
2011-05-27,1.5304161213538143
2011-06-03,2.124571219615359
2011-06-10,1.1593814799614357
2011-06-17,1.233950457574969
2011-06-24,1.9791169378200975
2011-07-01,2.191693188523732
2011-07-08,1.7553344635780266
2011-07-15,1.0171960806298928
2011-07-22,0.5380259832496878
2011-07-29,0.30994039608373836
2011-08-05,0.3934246325510518
2011-08-12,-0.3147622714532541
2011-08-19,-0.16183488483232292
2011-08-26,1.2530171073066247
2011-09-02,-0.18153608233634758
2011-09-09,0.04416514350312466
2011-09-16,-0.20617356705659293
2011-09-23,-0.4862755897964708
2011-09-30,-0.40542294106045346
2011-10-07,-0.7850459530602404
2011-10-14,-0.7497571307323743
2011-10-21,-0.4101010140316408
2011-10-28,-0.7290670276090734
2011-11-04,-0.6295954836301282
2011-11-11,-0.5443985175694298
2011-11-18,-0.9450975805800407
2011-11-25,0.2565930583638675
2011-12-02,-0.3312879831353809
2011-12-09,-0.2683743570290393
2011-12-16,-0.5389183322626072
2011-12-23,1.091126390030976
2011-12-30,-0.8897792990217511
2012-01-06,-0.29956059451693595
2012-01-13,-1.279285873294193
2012-01-20,-1.4811723289494567
2012-01-27,-1.9128392461237074
2012-02-03,-1.2894029271713991
2012-02-10,-1.2855956405371858
2012-02-17,-1.2661141998374446
2012-02-24,-1.005059598108848
2012-03-02,-0.8184270116309195
2012-03-09,-0.17520296593289947
2012-03-16,0.4267054270797761
2012-03-23,0.45593857596960213
2012-03-30,-0.15574350091358705
2012-04-06,0.8837913391095058
2012-04-13,0.6769411266374857
2012-04-20,0.6995458609181079
2012-04-27,-0.1326882651841837
2012-05-04,0.5335951366833198
2012-05-11,0.6321780390849431
2012-05-18,0.8152299631330758
2012-05-25,1.691801397979611
2012-06-01,1.78592186377425
2012-06-08,1.2312968941632445
2012-06-15,1.2319671524163092
2012-06-22,0.757306189963999
2012-06-29,0.51590471393849
2012-07-06,2.2086281972538364
2012-07-13,-0.18043317787484942
2012-07-20,-0.0986877671214299
2012-07-27,-0.23581189255431695
2012-08-03,-0.3408625124020119
2012-08-10,-0.6046544598239663
2012-08-17,-0.6913402782336862
2012-08-24,-0.5614269229413552
2012-08-31,-0.6520147981071358
2012-09-07,-0.8343428981811591
2012-09-14,-0.9752056362469206
2012-09-21,-1.2238906768544042
2012-09-28,-1.1001044159615054
2012-10-05,-1.0036366728011115
2012-10-12,-0.907837814413756
2012-10-19,-1.2190574006401917
2012-10-26,0.1208341720775926
2010-02-12,2.3828901471038804
2010-02-19,1.0844225882467744
2010-02-26,-0.5964973269661838
2010-03-05,-0.3728564851626294
2010-03-12,-0.4158043980954214
2010-03-19,-0.5560127143930104
2010-03-26,-0.19173825877902445
2010-04-02,2.6107054695284564
2010-04-09,1.257398793453309
2010-04-16,-0.6532431471277079
2010-04-23,-0.9237494913699364
2010-04-30,-0.9586281689416142
2010-05-07,-0.5960463403418274
2010-05-14,-0.7571927096961732
2010-05-21,-0.7894040011889828
2010-05-28,-0.7324569496539326
2010-06-04,-0.7855649061905045
2010-06-11,-0.8228968939117676
2010-06-18,-0.7561993973842994
2010-06-25,-0.9459834173852876
2010-07-02,-0.6259399031069307
2010-07-09,-0.6531332548173425
2010-07-16,-0.6472047787490601
2010-07-23,-0.6098028595575645
2010-07-30,-0.5141237637237392
2010-08-06,-0.5427828219633096
2010-08-13,-0.6433328587747584
2010-08-20,-0.6334982105834891
2010-08-27,-0.5587742938807635
2010-09-03,-0.4474219856776856
2010-09-10,-0.39341062871953875
2010-09-17,-0.17007234756270437
2010-09-24,-0.27401049274827516
2010-10-01,-0.11908659707175989
2010-10-08,0.05078693433303038
2010-10-15,0.3900858648639782
2010-10-22,1.1239067526437643
2010-10-29,1.832867716342325
2010-11-05,1.4150200458387916
2010-11-12,-0.26945638414599093
2010-11-19,-0.3577027637151039
2010-11-26,-0.17421543038076523
2010-12-03,0.24026839368729813
2010-12-10,0.663024111662864
2010-12-17,2.529878961668299
2010-12-24,2.9989892541979826
2010-12-31,-0.6239447154460115
2011-01-07,-0.7118214572438958
2011-01-14,-0.5229907887146488
2011-01-21,-0.35251641753500335
2011-01-28,-0.32626214556771405
2011-02-04,0.13371852216447316
2011-02-11,1.592264925075233
2011-02-18,2.7093416675321143
2011-02-25,-0.6729095891645228
2011-03-04,-0.35779267560540295
2011-03-11,-0.3757479373808146
2011-03-18,-0.05972048753581015
2011-03-25,-0.5023110539458933
2011-04-01,-0.3387727428750232
2011-04-08,-0.29942844141849806
2011-04-15,0.2111683390334046
2011-04-22,2.7534669980759636
2011-04-29,1.085472987473124
2011-05-06,-0.4606618683174195
2011-05-13,-0.621050408882103
2011-05-20,-0.6126429335527214
2011-05-27,-0.71212687223634
2011-06-03,-0.616138079891485
2011-06-10,-0.7466872902598168
2011-06-17,-0.706954797784858
2011-06-24,-0.6999587964158839
2011-07-01,-0.6421582955094247
2011-07-08,-0.7473480712948708
2011-07-15,-0.7331562643562576
2011-07-22,-0.6393638910458483
2011-07-29,-0.8101679391565896
2011-08-05,-0.688741217721445
2011-08-12,-0.7874787449982961
2011-08-19,-0.657874323064534
2011-08-26,-0.5855494839426421
2011-09-02,-0.5453959754734266
2011-09-09,-0.3474342549738205
2011-09-16,-0.060428365275306414
2011-09-23,-0.000635531053651969
2011-09-30,-0.12535188593544788
2011-10-07,0.17130311948229024
2011-10-14,0.14402556457302756
2011-10-21,0.634570566315405
2011-10-28,1.4608308675325308
2011-11-04,2.177394381066368
2011-11-11,-0.23663426266829357
2011-11-18,-0.4764849338371703
2011-11-25,-0.24143527217568433
2011-12-02,0.023292449148760188
2011-12-09,0.7600361869496927
2011-12-16,1.841970224855446
2011-12-23,3.6377261772273504
2011-12-30,0.13615327906685407
2012-01-06,-0.48863873792900747
2012-01-13,-0.24646748368670077
2012-01-20,-0.011490607841170843
2012-01-27,0.026948866020917304
2012-02-03,0.31514359071338427
2012-02-10,1.3475604390030758
2012-02-17,4.302912894906086
2012-02-24,-0.08886193020269856
2012-03-02,-0.1058681220249545
2012-03-09,-0.022409907407475296
2012-03-16,0.1120469022567054
2012-03-23,-0.20093638787389193
2012-03-30,0.29065758592197344
2012-04-06,2.914323651339346
2012-04-13,1.3295166925102273
2012-04-20,-0.42066392169014954
2012-04-27,-0.5871507718936801
2012-05-04,-0.5416610640938659
2012-05-11,-0.5176959773970448
2012-05-18,-0.5383771393386619
2012-05-25,-0.7479403480325542
2012-06-01,-0.7748710999363786
2012-06-08,-0.6432329566744261
2012-06-15,-0.4653915191817159
2012-06-22,-0.5053509321417143
2012-06-29,-0.7261417097400787
2012-07-06,-0.48711023579392565
2012-07-13,-0.46300100463805366
2012-07-20,-0.6799198622621162
2012-07-27,-0.6748291366637621
2012-08-03,-0.4611071462503284
2012-08-10,-0.5737881523878239
2012-08-17,-0.5805058550487303
2012-08-24,-0.4936923570329524
2012-08-31,-0.2953709889721508
2012-09-07,-0.267569661622575
2012-09-14,-0.11211628481429947
2012-09-21,-0.049658918859500606
2012-09-28,-0.029223230650127736
2012-10-05,-0.062012527152001756
2012-10-12,0.013299384769821197
2012-10-19,0.5065146269367918
2012-10-26,0.728398618947362
2010-02-12,-0.6329512989755043
2010-02-19,-0.4748655094172155
2010-02-26,-0.6741880242902712
2010-03-05,-0.5544538332678015
2010-03-12,-0.4987814661854235
2010-03-19,-0.3252163566887452
2010-03-26,-0.22488171237764623
2010-04-02,-0.309389620592137
2010-04-09,0.5817900130825924
2010-04-16,-0.024747130105957197
2010-04-23,-0.6355719319714467
2010-04-30,-0.48455456005196834
2010-05-07,0.22015123781928192
2010-05-14,-0.21955180522605153
2010-05-21,-0.19610907787500492
2010-05-28,0.7329818079292417
2010-06-04,0.9881897146072037
2010-06-11,0.17269819375582018
2010-06-18,0.6456817031838862
2010-06-25,1.4016621228589985
2010-07-02,0.4655585775647915
2010-07-09,0.23731045070378887
2010-07-16,-0.028472918206026116
2010-07-23,-0.20237972507642538
2010-07-30,-0.2839052871755118
2010-08-06,-0.46693212562317077
2010-08-13,-0.6840157554490864
2010-08-20,-0.2355186515428465
2010-08-27,-0.08933651191593622
2010-09-03,-0.2899800660078953
2010-09-10,-0.7866765153545106
2010-09-17,-0.583192155063458
2010-09-24,-0.6106451800433199
2010-10-01,-0.4816923084110102
2010-10-08,0.09419643895974447
2010-10-15,0.2660416240188243
2010-10-22,0.45343475443026254
2010-10-29,0.4032438422886616
2010-11-05,0.3908340799292611
2010-11-12,0.25324441400972375
2010-11-19,0.031171144709809466
2010-11-26,1.587921504243824
2010-12-03,0.6682394486339568
2010-12-10,2.3331777732901515
2010-12-17,3.2937920289402984
2010-12-24,6.3412565137205
2010-12-31,-1.0469484057049376
2011-01-07,-1.050007955411057
2011-01-14,-1.0270298793004258
2011-01-21,-1.2393754961702295
2011-01-28,-1.2872517302865003
2011-02-04,-0.8469224803386997
2011-02-11,-0.2668947626879379
2011-02-18,-0.33297531755561904
2011-02-25,-0.8384515308018972
2011-03-04,-0.5083375550806113
2011-03-11,-0.47257227683375075
2011-03-18,-0.6837183786552206
2011-03-25,-0.49528299976912726
2011-04-01,-0.7520235406923979
2011-04-08,-0.6237940952990116
2011-04-15,-0.46218124540193967
2011-04-22,-0.29342277427534197
2011-04-29,-0.24107159128984024
2011-05-06,-0.2699771875320466
2011-05-13,-0.11922287969945009
2011-05-20,-0.12925648710017246
2011-05-27,0.48130525067843627
2011-06-03,1.0098538999795525
2011-06-10,0.6286911944420531
2011-06-17,0.6277761889224658
2011-06-24,0.7564888716058839
2011-07-01,0.26788307262699296
2011-07-08,0.04386255720570751
2011-07-15,0.02465887886337324
2011-07-22,-0.3109722942017977
2011-07-29,-0.6080459924892427
2011-08-05,-0.5993834636717766
2011-08-12,-0.9116219487502538
2011-08-19,-0.554613959233729
2011-08-26,-0.2984867579478066
2011-09-02,-0.7098017547479505
2011-09-09,-0.4092696215356911
2011-09-16,-0.592196381254645
2011-09-23,-0.21602188549501908
2011-09-30,-0.5897816245006096
2011-10-07,0.1182968265279941
2011-10-14,-0.07480222111574486
2011-10-21,-0.19759882123658243
2011-10-28,0.30537256439982596
2011-11-04,1.2900729106569786
2011-11-11,0.460664727731125
2011-11-18,0.01873707751629571
2011-11-25,1.3070119503383348
2011-12-02,0.5244563391037143
2011-12-09,1.3732540608680681
2011-12-16,2.575821510427283
2011-12-23,5.501920520907127
2011-12-30,0.20161808695927042
2012-01-06,-0.6247019523379768
2012-01-13,-0.9596011209874782
2012-01-20,-1.0649854520097983
2012-01-27,-1.070444031812585
2012-02-03,-0.8407790760923467
2012-02-10,-0.5172717261617047
2012-02-17,-0.4185226148525153
2012-02-24,-0.7364026808376968
2012-03-02,-0.6486493624209204
2012-03-09,-0.45646674999289316
2012-03-16,-0.48450309099149175
2012-03-23,0.20409575034277708
2012-03-30,-0.2996090694054255
2012-04-06,-0.08502883749325492
2012-04-13,-0.43427929583903047
2012-04-20,-0.23310103539656196
2012-04-27,-0.20435699481640784
2012-05-04,-0.5216094242029974
2012-05-11,-0.219784845694321
2012-05-18,-0.12112580524096606
2012-05-25,0.16959003438147305
2012-06-01,0.7751163824101033
2012-06-08,0.18622025969996858
2012-06-15,1.1626855562808376
2012-06-22,1.2149595356756235
2012-06-29,0.5026463247266806
2012-07-06,0.1180137466953719
2012-07-13,-0.2692351752435066
2012-07-20,-0.16409961134682433
2012-07-27,-0.5978622669954632
2012-08-03,-0.3433906538215439
2012-08-10,-0.17033308644901124
2012-08-17,-0.781335170633921
2012-08-24,0.2991548159550065
2012-08-31,-0.29962622575891756
2012-09-07,-0.41690562853587027
2012-09-14,-0.5460100479573615
2012-09-21,-0.4902604772842688
2012-09-28,-0.40579403025738425
2012-10-05,-0.03950588319767223
2012-10-12,0.0893855115012902
2012-10-19,0.462579090841636
2012-10-26,-0.21719566601311427
2010-02-12,1.324568557849113
2010-02-19,1.6770555195645531
2010-02-26,1.1175496855980316
2010-03-05,1.2354392897258275
2010-03-12,0.4563042368812211
2010-03-19,-0.26515650336753105
2010-03-26,-1.071828676775322
2010-04-02,0.637718314411213
2010-04-09,0.5213651161517493
2010-04-16,0.1649780472320812
2010-04-23,0.0752578537748218
2010-04-30,-0.9678258179959132
2010-05-07,0.40578012082645143
2010-05-14,0.5159876956125865
2010-05-21,-0.0536643263382672
2010-05-28,1.0079330361458705
2010-06-04,2.1803288987501173
2010-06-11,1.1190269989329664
2010-06-18,0.7999273185870525
2010-06-25,0.0473839057712722
2010-07-02,-0.21587333051410676
2010-07-09,-1.2650612609847922
2010-07-16,-1.0700559007734003
2010-07-23,-0.726432819067569
2010-07-30,-1.1935592955739485
2010-08-06,-0.8694367498892563
2010-08-13,-0.5657011282266642
2010-08-20,0.20752467127820307
2010-08-27,0.6773103117874651
2010-09-03,-0.18657525245568013
2010-09-10,-1.6725042787598063
2010-09-17,-0.6608401069964644
2010-09-24,-1.5324549746079885
2010-10-01,-1.1604674768714094
2010-10-08,-0.5787014855740903
2010-10-15,-1.038145932738809
2010-10-22,-0.45106161343572476
2010-10-29,1.0230016321622053
2010-11-05,0.5233742622872605
2010-11-12,0.4921320398800591
2010-11-19,1.3346556533000475
2010-11-26,3.0705579143818196
2010-12-03,0.2831631140268641
2010-12-10,1.2513942737431232
2010-12-17,2.9529637729210103
2010-12-24,4.213407510287371
2010-12-31,0.4079192705354375
2011-01-07,-0.21704927192871473
2011-01-14,-0.3706957680152724
2011-01-21,-0.7332284604082691
2011-01-28,-1.0877659330325988
2011-02-04,0.18226261325081822
2011-02-11,1.0812255053186555
2011-02-18,1.7306642658626663
2011-02-25,0.5887246949714358
2011-03-04,0.6838518552345563
2011-03-11,0.5073601857365672
2011-03-18,0.6873560424650217
2011-03-25,0.0630729733882792
2011-04-01,0.20244862265936706
2011-04-08,0.4804139905073564
2011-04-15,-0.1488269421214264
2011-04-22,0.8242261683200603
2011-04-29,-0.46253738342149825
2011-05-06,-0.6496243441576398
2011-05-13,0.12505513166880383
2011-05-20,-0.7900104757498225
2011-05-27,1.3941381974178617
2011-06-03,1.0562707284649362
2011-06-10,1.1831246699091165
2011-06-17,0.9139877265506977
2011-06-24,0.3140507812336809
2011-07-01,0.7568724987537128
2011-07-08,0.3366300382448237
2011-07-15,-1.129898909344939
2011-07-22,-0.7141652091342704
2011-07-29,-1.120857751735138
2011-08-05,-0.6772501035209203
2011-08-12,-0.3293428131437781
2011-08-19,-0.6625774274783476
2011-08-26,0.5150953983582858
2011-09-02,-0.8657316480452396
2011-09-09,-1.254081868279557
2011-09-16,-0.7533140125100423
2011-09-23,-1.5081265786082825
2011-09-30,-1.0961097987483104
2011-10-07,-0.8701872250634035
2011-10-14,-0.9693681331175849
2011-10-21,-0.6316956695248712
2011-10-28,-0.6516748550665289
2011-11-04,0.17048547134471792
2011-11-11,0.11408755747024721
2011-11-18,-0.8314107046480347
2011-11-25,0.624960236450716
2011-12-02,-0.346946478842861
2011-12-09,0.2886350826194627
2011-12-16,-0.38976492854261086
2011-12-23,1.9596478327775582
2011-12-30,-1.3933334232305097
2012-01-06,-1.3414206326409015
2012-01-13,-1.468250937071723
2012-01-20,-1.4088747595140236
2012-01-27,-1.3788675710548284
2012-02-03,-1.184713143324359
2012-02-10,-0.3762209198879287
2012-02-17,-0.16265459493641576
2012-02-24,-0.11327687402955577
2012-03-02,1.0394293564466797
2012-03-09,0.2588406272804979
2012-03-16,1.2900289720783373
2012-03-23,-0.4557890161075161
2012-03-30,0.11475530309763834
2012-04-06,0.6695869176724263
2012-04-13,-0.03674022477325463
2012-04-20,-0.5318529250966385
2012-04-27,0.22950118444869325
2012-05-04,0.877474450164449
2012-05-11,0.1583419557315544
2012-05-18,0.29372885899831724
2012-05-25,0.6890401796668476
2012-06-01,0.2465907451072189
2012-06-08,0.32389559729768624
2012-06-15,0.2928720172640557
2012-06-22,0.2069278366908893
2012-06-29,0.16861814728936045
2012-07-06,0.6156236161739286
2012-07-13,-0.7739313974123924
2012-07-20,-0.5560572267762101
2012-07-27,-1.1904214820505468
2012-08-03,-1.202730456757224
2012-08-10,-0.7618174280659271
2012-08-17,-1.274185148141349
2012-08-24,-0.11802791371470603
2012-08-31,0.1815298658366907
2012-09-07,-1.3146812612785819
2012-09-14,-0.7390254379345533
2012-09-21,-0.989370955672602
2012-09-28,-0.7576395859547317
2012-10-05,-0.809794655931269
2012-10-12,0.4776070951709803
2012-10-19,-0.8657434665519194
2012-10-26,-0.791605974151552
2010-02-12,0.5415478920212393
2010-02-19,0.7801878409776063
2010-02-26,0.483607441484232
2010-03-05,0.6218132198334634
2010-03-12,0.30207198368355215
2010-03-19,1.5346676370306809
2010-03-26,0.5943456050984742
2010-04-02,1.808928450130998
2010-04-09,2.4360170309704126
2010-04-16,1.0791253284733755
2010-04-23,1.0305814846529902
2010-04-30,0.7913463114535948
2010-05-07,1.10871458695463
2010-05-14,0.9978176968755805
2010-05-21,1.2859855937341407
2010-05-28,1.4896025482306658
2010-06-04,2.5125390596542525
2010-06-11,2.331701998298727
2010-06-18,1.5328369918032305
2010-06-25,0.7206045715298386
2010-07-02,0.6903804071893533
2010-07-09,0.9327424917454623
2010-07-16,0.1717840104871499
2010-07-23,-0.012468315302824575
2010-07-30,-0.6937170113757407
2010-08-06,-0.21079174219801014
2010-08-13,-0.306710144881363
2010-08-20,0.2625226395356087
2010-08-27,0.7047927701939015
2010-09-03,-0.868046287674147
2010-09-10,-0.6703048578165903
2010-09-17,-1.4435196675991455
2010-09-24,-1.0098472204512752
2010-10-01,-0.8911065975696403
2010-10-08,-0.8026139479982117
2010-10-15,-1.0711262176314063
2010-10-22,-1.1098369569569484
2010-10-29,-0.8435733122418644
2010-11-05,-0.12220650218877696
2010-11-12,0.08607701037309841
2010-11-19,0.018398691220132286
2010-11-26,1.473610856901281
2010-12-03,-0.4844996581125798
2010-12-10,-0.2524944753851792
2010-12-17,0.6543627268833832
2010-12-24,1.6391281689617738
2010-12-31,-0.6580405929691074
2011-01-07,-1.3492943472070753
2011-01-14,-0.6333850821022957
2011-01-21,-1.1710445272279164
2011-01-28,-1.5657311091779107
2011-02-04,-0.804246185144652
2011-02-11,-0.8182723137515013
2011-02-18,-0.26007630952083177
2011-02-25,-0.5623973161580874
2011-03-04,-0.6099306014858632
2011-03-11,-0.6373400165170903
2011-03-18,0.14197518039624502
2011-03-25,-0.2600816004029921
2011-04-01,-0.07570229344117155
2011-04-08,0.7327418552054743
2011-04-15,-0.0761123368085915
2011-04-22,0.5918086271026295
2011-04-29,0.0895266655415872
2011-05-06,0.1211423318902213
2011-05-13,-0.016526421919744027
2011-05-20,-0.10199533233658341
2011-05-27,0.3573696385815091
2011-06-03,1.0544698176065637
2011-06-10,0.4904723610871696
2011-06-17,0.11622181148117894
2011-06-24,-0.27938538396470103
2011-07-01,-0.3325984312915153
2011-07-08,0.12095715101461202
2011-07-15,-0.7143990697401971
2011-07-22,-0.7665645223992802
2011-07-29,-0.7794028479611512
2011-08-05,-0.47044178421276917
2011-08-12,-0.9480708803480794
2011-08-19,-0.449484599975979
2011-08-26,-0.5260859918922235
2011-09-02,-1.474891953368407
2011-09-09,-1.0441294914086798
2011-09-16,-1.6530888645259636
2011-09-23,-1.4877778968697202
2011-09-30,-1.381579310148982
2011-10-07,-0.9384335384931658
2011-10-14,-1.0926944987577063
2011-10-21,-0.7423878363679722
2011-10-28,-0.47515331477648054
2011-11-04,0.09715082673452176
2011-11-11,0.03404382976802092
2011-11-18,-0.928224781364944
2011-11-25,0.5038265476596656
2011-12-02,0.3206032984498626
2011-12-09,1.1244285069706017
2011-12-16,0.5174796690742167
2011-12-23,1.3668329185839936
2011-12-30,-1.3913806693508632
2012-01-06,-1.7465311343583152
2012-01-13,-2.000295069969785
2012-01-20,-1.9588621717727888
2012-01-27,-1.5816884097732546
2012-02-03,-1.3061815939241967
2012-02-10,-0.6961587534927006
2012-02-17,-0.48390178842847037
2012-02-24,-0.47319039749502406
2012-03-02,-0.22998177179327334
2012-03-09,0.598247630691666
2012-03-16,1.4343392840667508
2012-03-23,0.6578044457286318
2012-03-30,0.5181912927247714
2012-04-06,2.99540612912822
2012-04-13,1.344420741753132
2012-04-20,0.9756965185635328
2012-04-27,0.9667734458002544
2012-05-04,1.4772615655918602
2012-05-11,0.7815158523998317
2012-05-18,0.6730580589966614
2012-05-25,1.9170582088402308
2012-06-01,1.7129571386260423
2012-06-08,1.3741105269954308
2012-06-15,0.5098951894974845
2012-06-22,-0.02979066349551567
2012-06-29,0.47526107487642205
2012-07-06,1.295096492814108
2012-07-13,0.11901010637963619
2012-07-20,-0.6797252735029329
2012-07-27,-0.7381895213738058
2012-08-03,-0.6645298599386665
2012-08-10,-0.3191595906044551
2012-08-17,-0.5097239388116194
2012-08-24,-0.3003901861409326
2012-08-31,-0.7143038338613122
2012-09-07,-0.9120214547491479
2012-09-14,-1.0882025398036452
2012-09-21,-0.4537755054079502
2012-09-28,-1.3872193905318189
2012-10-05,-0.6306840867594833
2012-10-12,0.11797044803514502
2012-10-19,-1.0686500847804044
2012-10-26,-0.5353952990532006
